,screen_name,favorite_rate,retweet_rate,favourites_count,followers_count,friends_count,listed_count,statuses_count,verified,number_of_intersections,score
0,vicosotto,0.457225220157706,0.11428536859847607,-0.28558040162878784,-0.04968100015790691,-0.1617602007073786,-0.2051941522536996,-0.5555855978371299,1,-0.6147538419377873,-0.6206826893420685
1,nordstrom,-0.3004455613317312,-0.2596817308918631,-0.2923798342123464,-0.11151819757905783,2.184071228595134,0.2297142053258757,5.91897810423091,1,2.0752927425935037,2.067278183352356
2,noticia_tu,-0.3146501860910876,-0.2478823495204271,-0.3667772131535253,-0.20008387739659267,-0.1780630748523487,-0.2098608739861215,-0.6002695342378116,0,-0.6147538419377873,-0.6206826893420685
3,mazet,-0.2417575466499545,-0.23949076630756566,0.21340037967137304,-0.21537726195266027,-0.01855575421796116,-0.20835547987888864,-0.3419206941642232,1,-0.6147538419377873,-0.6206826893420685
4,fashionunitedes,-0.3276399717536706,-0.2852285789760127,-0.3997072005537192,-0.2117013721061645,0.7876757151646272,-0.17907556449320935,-0.13730540412322728,0,0.517897351549072,0.7869181226902188
5,nicholeciotti,3.4914319837548216,1.1086138503361935,-0.2533517009973017,-0.21539490870858669,-0.1646729808879466,-0.2143770563078201,-0.34991256074824834,1,-0.6147538419377873,-0.6206826893420685
6,rania_rony91,-0.2832072399931425,-0.2629277822398724,-0.41117171468563857,-0.21578243146873072,-0.16397739159109453,-0.219043778040242,-0.6178986517025729,0,-0.4731724427519298,-0.509347031893187
7,stylecaster,-0.3287249933664962,-0.2889638726124885,-0.05869888658726645,-0.18618105720752653,-0.10976490076768727,-0.011600470063552913,1.7100850732440367,1,2.2168741417793605,2.0990883711948936
8,dessiinatalia,-0.2992762590985142,-0.16480644723469348,-0.4157758147758509,-0.21572299719477056,-0.16258621299739046,-0.21896850833488035,-0.08526424936725198,0,-0.6147538419377873,-0.6206826893420685
9,harleyxngel,0.09198482199367652,-0.17104896518116894,-0.09342782700284136,-0.21412914219949686,-0.09241864267743907,-0.2127963924952256,-0.41678567966457614,0,-0.6147538419377873,-0.6206826893420685
10,derekblasberg,-0.3075076778438423,-0.2745198117578157,-0.19551078794344254,-0.17804237337426432,-0.16619458247481048,-0.058267687387771785,-0.241528746574896,1,2.641618339336933,2.711434487163741
11,dylanasuarez,-0.3262427365226577,-0.2891448674539474,-0.4153489445688113,-0.2146092751347427,-0.14471826293450318,-0.20060270022663934,0.16497519667254618,0,1.5089671458500735,1.6219355535568298
12,nicolettemason,-0.2322448943700508,-0.2821020590035938,1.4241872312099852,-0.21124072118946136,-0.05398733402636287,-0.17576369745729706,0.4094557976738557,1,2.641618339336933,2.6000988297148595
13,vicqueen,0.5199432932213337,0.9350782899155642,0.11409207507652895,-0.2109864667300736,-0.16228189268001764,-0.19676394525319554,0.1669026468486934,0,-0.6147538419377873,-0.6206826893420685
14,oliviapalermo,-0.3225678167399488,-0.2857855784512505,-0.4135499915534304,-0.15674485658179355,-0.17149845086330742,-0.05661175386981564,-0.5022046301538328,1,3.34952533526622,3.25220768048688
15,lingerie_addict,-0.15500998383832307,-0.23793091656142745,0.03731641926755826,-0.20847963917019088,-0.0742898466282323,-0.15965598050990534,1.9511573782021592,1,0.8010601499207868,1.0970674541549599
16,santi_millan,0.2599687802532748,0.8418972160834151,-0.4160807220665934,-0.15739708068083386,-0.15954300982366268,-0.02800926583239116,-0.3828202466824694,1,-0.6147538419377873,-0.6206826893420685
17,hm,-0.32800658993973225,-0.2878568041494895,-0.40217694960873374,0.9623951810376092,-0.16389044292898802,0.5838581690524076,-0.30245497653311104,1,1.7921299442217884,1.5980779126749267
18,lady_trends,-0.2542958522454605,-0.2393801781090213,1.3191771602782556,-0.21473167303384832,-0.07033368250238622,-0.2066995463609325,0.2439066319347707,0,-0.4731724427519298,-0.5172995788538214
19,renancavolik,-0.14087292890163333,-0.2404050363421465,0.8519982094025413,-0.21360877466073874,-0.1587604718647041,-0.21520502306679815,0.1423394098477927,1,-0.6147538419377873,-0.6206826893420685
20,sbrogue,-0.3278491921835256,-0.2871874505697831,-0.32396822953327314,-0.1938924071992747,-0.1495873880124676,-0.14813971558957395,-0.4380816535620077,1,1.5089671458500735,1.5503626309111205
21,trendingfr,-0.32576002690286104,-0.26825081499136105,-0.4054394576196789,-0.2155526001195451,-0.13358883418487025,-0.2088070981110585,0.025329080861683805,0,-0.6147538419377873,-0.6206826893420685
22,karllagerfeld,-0.30089141857343243,-0.24930187728130065,-0.3636671587879514,-0.005845611392409634,-0.1754546149891535,0.027615046429863274,-0.5724390341334418,1,1.650548545035931,1.7173661170844423
23,pamela_mtanga,-0.21247041947049727,-0.20364323616117985,1.1947140041971522,-0.20539795088924934,-0.14306623835447954,-0.21678568687939268,0.12073786458097187,0,-0.6147538419377873,-0.6206826893420685
24,yuyacst,-0.20315431632727288,-0.06530178681107743,0.3105133517728709,1.35515408660015,-0.15084814361301194,0.10280948208614496,-0.3002689659674805,1,-0.6147538419377873,-0.6206826893420685
25,rihanna,-0.1707775457172352,-0.16250481293919333,-0.3850106691399289,13.379504777412796,-0.1325019759085389,7.4692297367140945,-0.3738411495204176,1,-0.4731724427519298,-0.5013944849325526
26,depop,-0.3270732833096072,-0.2850771409316879,0.4386963768010333,-0.19339787451119286,-0.16284705898370996,-0.20075323963736266,-0.21818779505155206,1,-0.6147538419377873,-0.6206826893420685
27,chiaraferragni,-0.13550895100834426,-0.041141928077592205,-0.15928780180322924,-0.15489745299736912,-0.1747155513612482,-0.024847938207202144,0.43886116560507743,1,4.623757927938937,4.397374442818232
28,veronicaferraro,-0.30049803305031514,-0.28032746091332944,-0.3647343343055503,-0.2115520099640033,-0.1593256381683964,-0.18562402885967236,-0.14073720565636744,0,1.7921299442217884,1.765081398848249
29,kstar_fashion,0.04755677420671469,0.7203093246508909,-0.4159587591502964,-0.21566582170556894,-0.1780630748523487,-0.2183663506919872,-0.5863542841856266,0,-0.6147538419377873,-0.6206826893420685
30,shoppalaisroyal,-0.2166131449021262,-0.2251964038563345,-0.4028782363774416,-0.21564153976941425,-0.17167234818752042,-0.21806527187054064,-0.5586883225109279,0,-0.6147538419377873,-0.6206826893420685
31,_reneebu,-0.2676060690553356,-0.2036884279106807,-0.14840261152372067,-0.2155582470814416,-0.14719629980453866,-0.21535556247752147,1.6917037801007793,0,-0.6147538419377873,-0.6206826893420685
32,helenabordon,-0.32861762112021153,-0.2881367426272329,-0.39467623025646736,-0.19453192563404795,-0.15693454996046746,-0.18472079239533265,-0.3749224020582563,1,1.2258043474783589,1.0413996254305191
33,boohoo,-0.2820709818872726,-0.20106595731709492,-0.10705718289903274,-0.1446973457238069,-0.15971690714787568,-0.1520537402683794,0.3995129754237303,1,0.6594787507349293,0.7392028409264124
34,cntraveler,-0.3283272003315011,-0.2878493587350541,-0.26539553898163193,0.2395181300115435,1.7707172889407985,0.6602569199944757,0.9417846286397872,1,0.3763159523632146,0.405195868579768
35,jasminmakeup1,-0.32110367050894056,-0.2891448674539474,-0.335371762207044,-0.2135575284815284,-0.1500656056540534,-0.2142265168970968,-0.4975035321632298,0,-0.33159104356607244,-0.3900588274836712
36,la_prairie,-0.24522191593007914,-0.16340112791035785,-0.3824189571686174,-0.21431662133445906,-0.1132863215830008,-0.2034629490303818,-0.3480086160620541,0,-0.33159104356607244,-0.27872317003478964
37,suitsandshirts,-0.16210859526426716,0.1024570642675171,-0.4039149211659662,-0.21576817288994216,-0.1677596583927276,-0.21896850833488035,-0.5924422060834575,0,-0.6147538419377873,-0.6206826893420685
38,prada,-0.320089623443862,-0.2812004983299346,-0.4154709074851083,-0.04975610475112973,-0.1779761261902422,0.02234616705454824,-0.5211735605459159,1,1.2258043474783589,1.200450564643207
39,ozzyosbourne,-0.2832072399931425,-0.2519286833229398,-0.3534832552771507,0.5379355019548104,-0.17484597435440793,1.0361538285705223,-0.488477424021272,1,-0.4731724427519298,-0.5013944849325526
40,jackiewelling,-0.28339502693523805,-0.2891448674539474,-0.379613810093786,-0.21562163422872924,-0.17006379793855006,-0.2173125748169242,-0.5516131700350704,0,-0.4731724427519298,-0.5013944849325526
41,gkraltoledo,0.9190992781443376,0.34428547611057336,-0.10632540540125067,-0.2152843694294636,-0.13567560207542642,-0.21520502306679815,-0.4794513158793142,0,-0.6147538419377873,-0.6206826893420685
42,raysiegel,-0.3149685232402051,-0.2721491684038436,-0.3932736567190517,-0.21423163455791744,-0.13154554062536733,-0.20421564608399825,-0.2275899910327581,0,-0.048428245194357636,-0.024241667294489136
43,karliekloss,-0.3165901726307077,-0.2817221817461589,-0.3062531159411318,0.6012865086863529,-0.15463041041464498,0.06269072912838908,-0.4918622145745062,1,1.3673857466642163,1.3276913160133574
44,imlizziem,1.0547197203642584,1.5268084238890516,-0.41376342665695015,-0.19290856526286526,-0.17810654918340196,-0.1905165597081792,-0.5875765696631834,0,-0.6147538419377873,-0.6206826893420685
45,ladyaddict,-0.3264315838461962,-0.2815564407849536,-0.360496122964229,-0.2087425052464708,-0.1501525543161599,-0.17245183042138476,-0.297871405992273,0,1.7921299442217884,1.8764170562971303
46,matugarces,-0.07464365017759551,-0.1137791278455606,0.19129460109253915,-0.17724883405376532,-0.1641947632463608,-0.2041403763786366,0.16342383433564714,1,-0.6147538419377873,-0.6206826893420685
47,cmimediafrance,-0.30769068454424925,-0.2333578394366437,-0.09278752169228204,-0.21484800044891525,-0.1352408587648939,-0.2034629490303818,-0.34784407763238295,0,-0.6147538419377873,-0.6206826893420685
48,gucci,-0.2268479450512487,-0.005680456128432114,-0.3960178223357345,0.614364872438537,-0.16267316165949694,0.4525878029017016,-0.39147026698517895,1,1.9337113434076456,1.8048441336514207
49,mrbradgoreski,-0.2251528247683192,-0.2531839563139926,-0.3745523490674599,-0.17659025712259155,-0.15150025857881075,-0.003320802473772144,-0.2635768961508241,1,1.650548545035931,1.987752713746012
50,pedrocapo,-0.09421989588614296,-0.12314737688259125,0.1572669474456721,-0.19897834343131468,-0.12376363536683492,-0.19571016937813251,-0.11121431027538058,1,-0.6147538419377873,-0.6206826893420685
51,mmmmitchell,1.2352918416092988,0.2732465387104246,-0.3733022291754156,-0.20786637910823616,-0.17532419199599372,-0.2170114959954776,-0.6011862483459791,0,-0.6147538419377873,-0.6206826893420685
52,ellabalinska,0.8742606915538219,0.5568249447455259,-0.3816261982126868,-0.21381248881115325,-0.17819349784550848,-0.21603298982577626,-0.6051351706580856,1,-0.6147538419377873,-0.6206826893420685
53,cosmoindia,-0.32704362120630315,-0.28659822925039674,-0.3994937654501993,-0.1357912397688168,-0.14097947046392334,-0.1911187173510723,0.6370594568889003,1,-0.048428245194357636,-0.10376713690083304
54,sammiscarlette,-0.3073166963800841,-0.26072653444025684,0.9048081521591486,-0.2039211291792796,1.1567293114756974,-0.19924784553012975,0.11982115047280427,1,-0.6147538419377873,-0.6206826893420685
55,giulianarancic,-0.3278270712595867,-0.2885383481644347,-0.41376342665695015,0.2351081351185089,-0.14363140465817184,0.6372243901538128,-0.16673427754440212,1,1.2258043474783589,1.1527352828794009
56,amymorrisonhsn,0.012289406645336164,-0.2741634486501683,-0.3494584790393492,-0.2150933609433161,-0.16489035254321285,-0.2173125748169242,-0.5811595709060103,0,-0.4731724427519298,-0.5252521258144558
57,victoriabeckham,-0.3256813174124401,-0.2872625851507372,-0.41037895572970795,1.5476982640353971,-0.17575893530652628,1.1659188006139958,-0.5286012953710687,1,1.5089671458500735,1.407216785619701
58,jessicaasims,-0.15576585889801126,-0.0985628047284181,0.029846190644366118,-0.21535905050054416,-0.10593915963500096,-0.2126458530845023,-0.2278015404423352,0,-0.6147538419377873,-0.6206826893420685
59,haircuttery,-0.318709541260758,-0.2691499273950017,-0.249296434030426,-0.2147364729514603,-0.13302366788117795,-0.21302220161131047,-0.4158924710463616,1,-0.4731724427519298,-0.4059639214049399
60,audrinapatridge,-0.30749403675055514,-0.2625311457387407,-0.4152879631106628,0.08240440325511353,-0.1418924314160417,0.4436307079636661,-0.4610935282260095,1,-0.19000964438021506,-0.18329260650717694
61,filmqns,-0.3194670659045017,-0.2891448674539474,1.1737973640522144,-0.2156312340639532,-0.16610763381270394,-0.2149039442453516,0.5601965047425411,0,-0.6147538419377873,-0.6206826893420685
62,theory__,-0.3269556946107869,-0.2849520347265663,-0.3699482489772477,-0.2094143525381012,-0.14493563458976946,-0.1674840298675163,-0.4770772613940597,0,0.8010601499207868,0.9062063270997348
63,marieclaire,-0.3288203065967014,-0.28867185558116026,-0.24475331539836215,0.10162764976896983,-0.09915716399069338,0.6640956749679195,2.5781428172088825,1,2.2168741417793605,2.170661293840603
64,aikaslovecloset,0.3098791553436801,0.26723231117029056,-0.2896051778665893,-0.21570323282813295,-0.16528162152269216,-0.21482867453999,-0.3895193113190787,0,-0.4731724427519298,-0.5013944849325526
65,villainlily,0.4125159774883503,-0.15724075218386527,1.7123856024198305,-0.21402043818299013,-0.16258621299739046,-0.2113662680933544,-0.5683725843715701,0,-0.6147538419377873,-0.6206826893420685
66,hudabeauty,-0.2286642904760672,-0.21613096462854095,-0.2792688207104173,-0.1877530302254515,-0.16049944510683425,-0.17711855215380665,0.18117047925017354,1,-0.19000964438021506,-0.2469129821922521
67,ladydamfino,2.0769682636630957,0.20195345164137996,0.5660256614151163,-0.2150558086467047,-0.1491961190329883,-0.21791473245981732,-0.386839685464435,0,-0.6147538419377873,-0.6206826893420685
68,paulfeig,-0.32098623499926576,-0.2834148609161672,1.5382835394058425,0.09022078673813573,-0.14493563458976946,0.21089677898546486,-0.3731359848218272,1,-0.4731724427519298,-0.5013944849325526
69,ddlecours,0.8780752144768559,1.225909676580472,2.0079017486074973,-0.21438283196269495,-0.15584769168413612,-0.21467813512926667,-0.3396876726186868,1,-0.6147538419377873,-0.6206826893420685
70,madonnaafrica,-0.009177372219197191,-0.007091395305746963,0.6556074234352736,-0.21499171562918,-0.07711567814669379,-0.21452759571854335,0.3666052894895092,0,-0.6147538419377873,-0.6206826893420685
71,nohowstyle,-0.30314246265781075,-0.2311696119945731,-0.4120254550997177,-0.21534676835841945,-0.1773240112244434,-0.21738784452228585,-0.5305757565271221,0,-0.6147538419377873,-0.6206826893420685
72,orisabatini,0.6283505010088724,-0.12550570443231646,0.6107555609670464,-0.13702877146842438,-0.11106913069928487,-0.2002263516998312,-0.4895116655792047,1,-0.6147538419377873,-0.6206826893420685
73,thefashioncourt,-0.2576767346614172,-0.2686735891654362,-0.21908012151784065,-0.21292775105602654,-0.059421625408019575,-0.19826933936042845,0.21417218714420666,0,-0.19000964438021506,-0.2389604352316177
74,streetstylenews,-0.3291012579845161,-0.26749213566521,-0.4163551386282617,-0.2133326382240022,0.016788876928334036,-0.17312925776963956,2.351244322692428,0,0.8010601499207868,1.0334470784698848
75,ashleybnicholas,-0.3278862648639142,-0.2891448674539474,0.32798453953241824,-0.21439765523767315,-0.12602430058160413,-0.2070758948877407,-0.29965782322870216,0,-0.6147538419377873,-0.6206826893420685
76,lizzyhadfield,0.20011726379679012,-0.14337945256217427,-0.286800030791758,-0.21481595394015288,-0.16067334243104725,-0.2149039442453516,-0.4289380179702849,0,-0.33159104356607244,-0.4139164683655743
77,tara_pureheart,0.27143285951385937,-0.047562798242042084,-0.37757093124581104,-0.21185807529879105,-0.1725418348085855,-0.2155813715936064,-0.6006456220770597,0,-0.6147538419377873,-0.6206826893420685
78,havenlust,-0.19681524979757534,-0.03866881001171231,13.555686061628654,-0.1860287304103697,8.986282436842464,-0.06421399411134161,2.728413414478508,0,-0.6147538419377873,-0.6206826893420685
79,magaliyus,-0.2089213162741391,-0.17048173437764105,-0.4013841906528032,-0.21540253210714688,-0.1581953055610118,-0.2155813715936064,-0.5908673382566055,0,-0.6147538419377873,-0.6206826893420685
80,nationalpork,-0.2871807893202533,-0.20690316271352616,-0.28122022737116953,-0.21372270211699967,-0.1071999152355453,-0.19066709911890245,-0.4687328124607394,0,-0.6147538419377873,-0.6206826893420685
81,alexcserruys,-0.32101827979895514,-0.2891448674539474,-0.34857424789619584,-0.21559706994447966,-0.13584949939963945,-0.21806527187054064,-0.48060308488701203,0,-0.6147538419377873,-0.6206826893420685
82,yasminechanel,0.3947789967162096,0.20071738420738655,-0.14754887110964154,-0.21135380160143785,-0.169542105965911,-0.2016564761017024,1.055034079233414,0,-0.048428245194357636,-0.1514824186646394
83,kyleeditor,-0.3246139607526196,-0.2816285651737225,-0.35473337516919506,-0.2051074146996769,0.24346403903999844,-0.1604086775635218,2.069201948746201,1,2.2168741417793605,2.202471481683141
84,trendsgallery,0.06219741067765337,1.5460652792917682,0.15674860505140978,-0.21534465074770825,-0.15067424628879894,-0.20963506487003655,-0.34786758312233595,0,-0.4731724427519298,-0.4934419379719182
85,5inchandup,-0.3252596992073366,-0.2891448674539474,-0.4072689013641341,-0.21380020666902846,-0.15919521517523666,-0.1926993811636668,-0.5809950324763392,0,2.358455540965218,2.5046682661872475
86,slcpuke,4.068008714594279,1.4116933733064436,-0.21109155050038614,-0.21579033721538576,-0.16154282905211234,-0.219043778040242,-0.5635539589312021,0,-0.4731724427519298,-0.509347031893187
87,hannahg11,12.23885663276649,3.762523201004774,-0.4087934378178468,-0.19836762450221332,-0.17554156365126003,-0.20903290722714346,-0.6143493227196676,1,-0.6147538419377873,-0.6206826893420685
88,ibrahimbuyukak,-0.2354441022621961,-0.2554402008166,-0.2707619072987005,-0.004200792566020422,-0.16019512478946146,-0.1942047752708997,-0.5409651830863546,1,-0.6147538419377873,-0.6206826893420685
89,mariedenee,-0.3205013102176254,-0.2770446130953717,1.8950860510327583,-0.2078320738147152,0.4494454195703141,-0.13760195683894388,3.352813249590399,1,0.8010601499207868,0.914158874060369
90,khloekardashian,-0.326542471222749,-0.2883367852675384,-0.40382344897874345,3.7260611088978464,-0.16667280011639626,2.447761882922782,0.8587632381257382,1,-0.048428245194357636,-0.20715024738908014
91,tinistoessel,-0.17610342178358904,-0.141310939133829,-0.3324141614868414,0.08232802809546401,-0.15393482111779294,0.25658549013998233,-0.05200398108373568,1,-0.6147538419377873,-0.6206826893420685
92,katestrasdin,1.1950630482385485,1.0710583515582266,0.4669003011947178,-0.2136172451035834,-0.14897874737772204,-0.19601124819957916,-0.2700409058879032,0,-0.6147538419377873,-0.6206826893420685
93,nataliaferviu,-0.2983778551756809,-0.23364188488670376,0.04750032277835898,-0.2045050250393728,-0.15336965481410064,-0.20782859194135714,-0.4582258584517416,1,-0.6147538419377873,-0.6206826893420685
94,daphpunkdlp,-0.3291012579845161,-0.2891448674539474,-0.3992193488885312,-0.21561415200421646,-0.08224564921097773,-0.21799000216517894,0.2048405076328597,0,-0.6147538419377873,-0.6206826893420685
95,glamour_fashion,-0.328988456864818,-0.2889035496667246,-0.4066285960535748,0.07307604572431617,-0.1266329412163497,0.24318748258560985,0.3778409136870504,1,2.641618339336933,2.623956470596763
96,brooklynhenryy,1.640960830593556,0.7374872238158384,-0.2481072955965301,-0.21579358421847625,-0.17288962945701153,-0.219043778040242,-0.6096012137491585,0,-0.4731724427519298,-0.509347031893187
97,aitanax,0.7258331020892752,0.5122599820982492,-0.4094947245865546,-0.13910530053179734,-0.17645452460337832,-0.1786239462610395,-0.6031842149919854,1,-0.6147538419377873,-0.6206826893420685
98,balenciaga,-0.2832072399931425,-0.2629277822398724,-0.4163551386282617,-0.10175883568151373,-0.17819349784550848,-0.025374826144733645,-0.6198966183485791,1,1.5089671458500735,1.6537457413993677
99,peonylim,-0.3273459168180809,-0.2891448674539474,-0.4102265020843367,-0.2148321889556052,-0.1702811695938163,-0.2058715796019544,-0.2387550987604402,0,0.942641549106644,1.136830188958132
100,rxsheeda,-0.3222658380033453,-0.2804016515159193,-0.31613211216119,-0.21028920810990911,1.5569105288208969,-0.2109146498611845,0.9166572598800142,0,-0.6147538419377873,-0.6206826893420685
101,conchitawurst,-0.2785885276365068,-0.17686542768639688,-0.3273527004605153,-0.19355274244120307,-0.15776056225047927,-0.16251622931364784,-0.5747425721488372,1,-0.4731724427519298,-0.5013944849325526
102,sonsofhorror,-0.3027878106723409,-0.2638297142536928,2.4074522623965167,-0.21538559122145756,0.03900426009654664,-0.2170114959954776,0.4368631989590712,0,-0.6147538419377873,-0.6206826893420685
103,fashionweekmx,-0.3229334292369563,-0.2744181796502934,0.1708048311546407,-0.20051544645952907,-0.007600222792541248,-0.19277465086902845,0.29590077571083995,0,-0.048428245194357636,0.22228728848517695
104,lalioficial,-0.24623967322858384,-0.15491107111550098,-0.4144342226965837,0.6242054094133426,-0.14389225064449138,0.16279943725937476,-0.033340622061041734,1,-0.6147538419377873,-0.6206826893420685
105,cmcoving,1.5357399366968154,0.4517937984116941,-0.3013136178311027,-0.2105692974199732,-0.1621514696868579,-0.20955979516467493,-0.4873961714834333,0,0.09315315399149976,0.2302398354458114
106,wishwishwish,-0.31251975268938675,-0.28648612962396336,-0.04290468892680308,-0.21177534730700798,-0.13871880524915414,-0.1808820374218888,-0.10956892597866953,0,1.3673857466642163,1.4469795204228733
107,marianodivaio,-0.3125435487729695,-0.2836613363878251,-0.35415405131678424,-0.19918431636648776,-0.1712376048769879,-0.1947316632084312,-0.4201704702178103,1,-0.048428245194357636,-0.04014676121575792
108,lauraescanes,0.3791884878626269,0.11833904447298314,-0.2923798342123464,-0.20561013548250853,-0.15102204093722496,-0.2105383013343763,-0.5357939752966913,1,-0.4731724427519298,-0.4059639214049399
109,queenvipam,5.494792923338738,15.479808979595854,1.1018697341660502,-0.2154566017673054,-0.17262878347069202,-0.21407597748637355,1.5511644556717024,0,-0.6147538419377873,-0.6206826893420685
110,yray_ideh,0.2918331262302763,0.723798795932241,-0.3992803303466797,-0.21577749037707133,-0.1677596583927276,-0.2182158112812639,-0.5797257360188764,0,-0.6147538419377873,-0.6206826893420685
111,inthefrow,-0.3093128118349497,-0.2847996211633973,1.561669928605795,-0.18742451821712536,-0.1551086280562308,-0.17117224543023682,0.033508991365333037,1,0.942641549106644,0.9380165149422722
112,yadeemua,3.4007677547473603,1.4879492788376107,-0.263718548882548,-0.21564026920298754,-0.16328180229424247,-0.2183663506919872,-0.4736689653508726,0,-0.6147538419377873,-0.6206826893420685
113,francoisweffer,-0.3283635414304174,-0.2891448674539474,-0.3573555778695809,-0.21464682743135413,-0.11389496221774635,-0.2127963924952256,-0.5186584731209434,0,-0.6147538419377873,-0.6206826893420685
114,annasui,-0.28470845954965834,-0.23510707787999804,-0.37299732188467294,-0.2107481649380433,-0.15150025857881075,-0.1883337382526915,-0.5156732758969104,1,0.3763159523632146,0.5165315260286495
115,jonnystylist,-0.14176561861831552,0.0330133909475967,0.1822083638284116,-0.2156261517982464,-0.05690011420693085,-0.21528029277215985,-0.2812530245954914,0,-0.6147538419377873,-0.6206826893420685
116,hoodcouturemag,-0.15045720846566268,0.04484322742439107,-0.2710363238603689,-0.2139467453302414,0.11569298007448604,-0.20278552168212705,0.12461627042321935,0,-0.6147538419377873,-0.6206826893420685
117,dean_nye,-0.2218957358479843,-0.2774857553063163,0.014722789023536312,-0.21488936444480675,-0.00029653517559463926,-0.210387761923653,-0.14405147973974258,1,-0.6147538419377873,-0.6206826893420685
118,lisa_eldridge,-0.3187236530190565,-0.2857997484472151,-0.3922064812014528,-0.19176279669407506,-0.15389134678673969,-0.12533299486499602,-0.06370971508033718,1,1.0842229482925017,1.240213299446379
119,weworewhat,-0.32514855842342816,-0.2809055977576511,-0.3753146172943163,-0.21125328567968096,-0.15019602864721313,-0.18886062619022304,-0.3776960498727121,0,2.500036940151076,2.226329122565044
120,galagonzalez,-0.32757663723759617,-0.28858404024960993,-0.3809554021730533,-0.2062473951325232,-0.15328270615199416,-0.1369245294906891,0.0578136679767506,1,2.7831997385227902,2.8943430672583323
121,jorgedalessio,-0.04021355457238213,0.13771145512272945,1.5173973899899786,-0.2013619260478073,-0.15206542488250305,-0.192021953815412,0.10839748235563897,1,-0.6147538419377873,-0.6206826893420685
122,houseofherrera,-0.31634852601182034,-0.26630796121528083,-0.3657405283650007,-0.20101562610950732,-0.1718897198427867,-0.167333490456793,-0.5443499736395888,1,0.6594787507349293,0.5960569956349934
123,carly,-0.3201647942730089,-0.2891448674539474,0.11241508497744497,-0.2115870211277613,-0.1769327422449641,-0.19412950556553804,0.4713222472301912,1,-0.048428245194357636,-0.0560518551370267
124,maytedlaiglesia,-0.3204107604469225,-0.2797750136362409,-0.09647689991026673,-0.21294765659671155,-0.1442400452929174,-0.1960865179049408,-0.17164692494458225,0,-0.19000964438021506,-0.2707706230741553
125,cozeteg,-0.3196528863770359,-0.283236423313804,-0.4135804822825046,-0.2112712147837022,-0.16367307127372174,-0.2163340686472228,-0.4530546506620784,0,-0.6147538419377873,-0.6206826893420685
126,stephanieyeboah,-0.2334175454131521,-0.2399782488743189,1.9924429489668505,-0.21002860081838784,-0.07250739905504891,-0.18073149801116556,3.519866766686477,1,-0.6147538419377873,-0.6206826893420685
127,babsschett,0.4137899815394501,-0.01790276697080772,-0.2129819757029899,-0.21347635340426693,-0.15915174084418338,-0.19676394525319554,-0.5256631091269418,1,-0.6147538419377873,-0.6206826893420685
128,womenshumor,-0.30784891210403353,-0.256841370378952,-0.4144037319675095,-0.04847593848920394,-0.17801960052129545,-0.002342296304070781,-0.011621549344455842,0,-0.6147538419377873,-0.6206826893420685
129,susiedrinks,-0.32715330776331386,-0.2891448674539474,-0.4070859569896886,-0.21448857132420604,-0.07229002739978264,-0.19691448466391884,-0.3190733579298926,0,-0.6147538419377873,-0.6206826893420685
130,sarasampaio,-0.2651137378158786,-0.23311780292040166,-0.26387100252791923,-0.08764877199084778,-0.15815183122995854,-0.1108812114355605,-0.5735437921612334,1,-0.4731724427519298,-0.5252521258144558
131,lafressange,-0.32195258574218844,-0.2838534324337848,-0.24996723007005955,-0.18641950017360426,-0.14993518266089362,-0.18464552268997095,-0.4016951551147405,1,0.09315315399149976,0.3097653050521553
132,glamourgurl70,-0.3291012579845161,-0.2891448674539474,-0.3461349895702556,-0.21577664333278687,-0.09785293405909576,-0.21896850833488035,-0.5740139019602938,0,-0.6147538419377873,-0.6206826893420685
133,buseterim,0.4979997179304742,-0.05232348912994707,-0.3805590226950879,-0.13836724261193106,-0.17080286156645536,-0.18600037738648054,-0.04290735647191887,1,-0.33159104356607244,-0.3980113744443055
134,ppfgirl,-0.32255753658887026,-0.2891448674539474,-0.4141598061349154,-0.21436772633962195,-0.14719629980453866,-0.205118882548338,-0.00854233016061087,0,0.6594787507349293,0.7869181226902188
135,eurfashion,-0.29003618698608713,-0.220743809752299,-0.3467752948808149,-0.21416288279682813,-0.10924320879504824,-0.2058715796019544,-0.5097733979187037,0,-0.4731724427519298,-0.509347031893187
136,mash__elle,-0.3258029639900641,-0.2788320926004681,-0.2177690201676477,-0.21424928131384385,-0.1700203236074968,-0.20910817693250505,-0.4803680299874818,0,-0.33159104356607244,-0.28667571699542405
137,susiebubble,-0.322654709370592,-0.2819679597495996,-0.412421834577683,-0.1806910808517954,-0.011425963925227569,-0.016342461501336444,-0.16793305753200588,1,4.340595129567221,4.03155728262905
138,kendalljenner,-0.1962851697570593,-0.2023704606449377,-0.282714273095808,3.8845385769522687,-0.1727157321327985,1.1242193838436454,-0.3965004418351242,1,-0.048428245194357636,-0.18329260650717694
139,poirshea,-0.11720504496885137,0.00531549980947945,-0.17435022196591052,-0.21577283163350675,-0.16854219635168616,-0.21896850833488035,-0.5211030440760569,0,-0.6147538419377873,-0.6206826893420685
140,cocolavieenrose,-0.18719807199992444,-0.21141838870952093,0.3597253884987163,-0.20173476670702056,4.053945681526626,-0.18374228622563127,2.8362566023829405,1,-0.048428245194357636,0.10299908407566112
141,jeffreestar,0.3760894343172727,-0.11391794600272775,-0.057204840862628024,0.8529861413381258,-0.1743242823817689,0.3037795954017327,0.30450378503364345,1,-0.33159104356607244,-0.4298215622868431
142,ted_baker,-0.3257383076091541,-0.2840686914826813,-0.3051859404235329,-0.20101943780878745,0.005876819833967375,-0.15927963198309714,0.2999907309626646,1,0.8010601499207868,0.7948706696508532
143,kbstyled,-0.3291012579845161,-0.2891448674539474,-0.3941883785912793,-0.21562530475396194,-0.16510772419847913,-0.21708676570083926,-0.5496857198589232,0,-0.6147538419377873,-0.6206826893420685
144,natalieoffduty,-0.3282702071781476,-0.2891448674539474,-0.2592059209795584,-0.2116817489135743,-0.14519648057608894,-0.19239830234222025,-0.055506299086734934,0,1.9337113434076456,1.7412237579663457
145,tata,0.10781890881743768,-0.12068945008819512,-0.3979692289964867,-0.1973775709077178,-0.16680322310955606,-0.21242004396841735,-0.24432589987930475,0,-0.6147538419377873,-0.6206826893420685
146,camtyox,-0.2898146905179921,-0.2563882544307873,-0.3469887299843347,-0.21449958289990406,-0.15636938365677516,-0.20271025197676534,-0.19990052386810636,1,1.3673857466642163,1.4469795204228733
147,fozaza,-0.3210879132908196,-0.2830708498841721,-0.3591850216140361,-0.21227778574174488,-0.1629774819768697,-0.2088823678164201,-0.06159422098456582,1,-0.048428245194357636,-0.16738751258590814
148,hinaattar,-0.3155596953268271,-0.2891448674539474,-0.3708934615785495,-0.21536596802886732,-0.17654147326548486,-0.2166351474686694,-0.4576147157129633,0,-0.6147538419377873,-0.6206826893420685
149,simonettalein,-0.23632425925249026,-0.1528938953385166,4.626537033691624,-0.18790450997832386,5.607500901714643,-0.16763456927823958,-0.3579984492920855,1,-0.4731724427519298,-0.4775368440506494
150,heidiklum,-0.3250840877411958,-0.2872619155075607,-0.4064456516791293,0.5018738621100172,-0.1725418348085855,0.33366166843030515,-0.4670169116941693,1,1.0842229482925017,1.0573047193517882
151,quiubolee,-0.32148278847861,-0.269770725495086,-0.39583487796128897,-0.1989251208154406,-0.14971781100562734,-0.20895763752178176,-0.5818647356046007,0,-0.6147538419377873,-0.6206826893420685
152,papermagazine,-0.30239081131109385,-0.27677219401901343,-0.06671794833379517,-0.165532658685053,-0.02259886700591375,0.09851910888053132,1.0706652300521688,1,1.3673857466642163,1.3992642386590672
153,wesgordon,-0.02019973115011623,0.10777663073813272,-0.3691249992922428,-0.21499863315750312,-0.15641285798782842,-0.21234477426305573,-0.5653873871475372,1,0.09315315399149976,0.15866691280010187
154,trash_italiano,-0.24010779458972026,-0.21617560285999973,0.29194449776665043,-0.09396193421703428,-0.15515210238728405,-0.1866025350293737,0.7560442470310624,1,-0.6147538419377873,-0.6206826893420685
155,iambeckyg,-0.28226459428364603,-0.2614217687181899,0.17147562719427428,0.16641354951840084,0.4239259872420542,0.07164782406642463,0.04352233008531745,1,-0.4731724427519298,-0.5252521258144558
156,paulacrojasf,-0.0932038557923198,1.1860158073803075,-0.39174912026533903,-0.2157947136108555,-0.16971600329012398,-0.219043778040242,-0.5954509087974434,0,-0.4731724427519298,-0.509347031893187
157,tobebrightt,-0.32526643594761645,-0.2891448674539474,-0.4048601337672681,-0.21536201515553985,-0.16171672637632534,-0.2159577201204146,-0.4286559520908487,0,-0.6147538419377873,-0.6206826893420685
158,sierrafurtado,-0.1159708800421856,-0.13653069270927998,-0.2303921820043887,-0.13748674007822667,-0.10828677351187664,-0.1863767259132888,-0.4834942601512328,1,-0.33159104356607244,-0.4298215622868431
159,gigiruiz,-0.3282485728857698,-0.2848791230616869,-0.4097081596900744,-0.2107807761429953,-0.1431097126855328,-0.2079038616467188,-0.11236607928307832,0,-0.6147538419377873,-0.6206826893420685
160,lipcoteandco,-0.3081792438406043,-0.2804226200654326,-0.3666857409663025,-0.2151944415612626,-0.10133088054335608,-0.21708676570083926,-0.488477424021272,0,-0.6147538419377873,-0.6206826893420685
161,kimkardashian,-0.3128530295163903,-0.2850259567085469,-0.4113241683310098,8.899032270559275,-0.17249836047753225,5.861694639305477,0.13554632325137134,1,-0.4731724427519298,-0.5013944849325526
162,laurenconrad,-0.3275417967745141,-0.2884810600786144,-0.2267332945154783,0.2285068366615559,-0.1743242823817689,0.9578733349944136,-0.455710771026769,1,1.3673857466642163,1.407216785619701
163,kyliecosmetics,-0.25925275307624224,-0.2638910169029743,-0.25588243151046475,-0.08309308548088469,-0.1780630748523487,-0.15709681052760952,-0.3710204907260559,1,-0.19000964438021506,-0.3105333578773272
164,gabcake,-0.2654618118916045,-0.2569167547848529,0.2782236696832363,-0.038100916570899104,0.13225670020577565,-0.16116137461713825,-0.14496819384791018,1,-0.4731724427519298,-0.4775368440506494
165,brookeburnett,-0.2983190378504837,-0.2891448674539474,-0.4147391299873263,-0.2156421044656039,-0.1437618276513316,-0.21332328043275708,-0.5508139833766679,0,-0.6147538419377873,-0.6206826893420685
166,toschenation,1.0882489668535966,1.6101245013951562,-0.4112936776019356,-0.2157923136520495,-0.17354174442281034,-0.219043778040242,-0.6116932023549768,0,-0.4731724427519298,-0.509347031893187
167,mrendina,0.2359553100572565,2.2726603277378663,-0.3844618360165924,-0.215748549697352,-0.17036811825592282,-0.2176889233437324,-0.6112465980458696,0,-0.6147538419377873,-0.6206826893420685
168,maddieziegler,-0.2869290645999275,-0.27566030219801435,-0.38665716850993853,-0.020945728677571124,0.060045836326321385,-0.1046338258905441,-0.550884499846527,1,-0.33159104356607244,-0.4059639214049399
169,urbanoutfitters,-0.32254259504016713,-0.2820932143794865,-0.12663223096470358,-0.07512282228618418,-0.038901741150883865,0.3370488051715791,0.34319382149630623,1,-0.6147538419377873,-0.6206826893420685
170,austinnorth55,-0.2581524224857424,-0.2537263800965528,-0.2809763015385755,-0.18159163010023216,-0.17062896424224233,-0.2053446916644229,-0.3647445249086008,1,-0.6147538419377873,-0.6206826893420685
171,nike,0.1495430224532211,0.6696343419230839,-0.20349935896089705,0.9352345648820992,-0.17315047544333104,0.6222457187868458,0.23948759982360385,1,0.3763159523632146,0.3733856807372304
172,thegentwithin,-0.3169281956469429,-0.2891448674539474,-0.3463789154028496,-0.2156683628384224,-0.17293310378806478,-0.21543083218288311,-0.5223958460234727,0,-0.6147538419377873,-0.6206826893420685
173,bexfayehudson,-0.2479533869342551,-0.2646894434224122,-0.14626826048852293,-0.2149321401811724,-0.11046049006453933,-0.2163340686472228,-0.4271516007338558,0,-0.6147538419377873,-0.6206826893420685
174,normaniupdate,0.1125448362338007,0.21382081343461234,-0.35107448768028465,-0.20810072802693894,-0.1767588449207511,-0.18110784653797374,0.12983448919278867,0,-0.6147538419377873,-0.6206826893420685
175,zoella,-0.2975012980039557,-0.2814315763932363,-0.20090764698958544,-0.18660937926737245,-0.16589026215743768,-0.20112958816417087,-0.5325972286630812,1,-0.6147538419377873,-0.6206826893420685
176,nicoleandersson,-0.3190353435401322,-0.2860946118701477,-0.3424151206231966,-0.1964705276531001,-0.1684987220206329,-0.1829143194666532,-0.1365532284447308,0,-0.6147538419377873,-0.6206826893420685
177,itsmahmoud_ns,-0.20422458619261186,-0.14969777723007788,-0.2845437168402632,-0.21561697548516467,-0.14045777849128432,-0.2170114959954776,-0.08524074387729895,0,-0.6147538419377873,-0.6206826893420685
178,hixvalen,0.7767617414008725,0.2190395270337573,1.4148570681132635,-0.2129284569262636,-0.17062896424224233,-0.21671041717403106,-0.006074253715544292,0,-0.6147538419377873,-0.6206826893420685
179,chrissyteigen,-0.2501898367581327,-0.26593694162382875,0.6771033874326224,1.5719444831561482,0.04496024345084238,0.6642462143786428,1.0404841809524974,1,-0.33159104356607244,-0.3980113744443055
180,veenamccoole,-0.3090703986062835,-0.2891448674539474,-0.37095444303669806,-0.21563801041822891,-0.09524447419590057,-0.2155061018882448,-0.42028799766757535,0,-0.19000964438021506,-0.008336573373220354
181,damselindior,-0.3077512503033374,-0.2838747309265948,-0.3670516297151936,-0.21275664811056405,-0.15971690714787568,-0.20052743052127767,-0.4582963749216007,0,0.517897351549072,0.4608636973042087
182,reesew,-0.2401375671306808,-0.26110961102150304,-0.1879490871330277,0.16866118152723636,-0.15093509227511845,0.1139493984796682,-0.4767011735548114,1,-0.048428245194357636,-0.024241667294489136
183,jamescharles,-0.10099020098461288,-0.23483914990336954,2.1703563531151207,0.5379299961669615,-0.09246211700849233,-0.0008369021968379137,-0.0020313094436257046,1,-0.33159104356607244,-0.4298215622868431
184,rei_0416_rei,1.9720774938209,0.6012399452433225,-0.14431685382777068,-0.21539970862619864,-0.1654989931779584,-0.21776419304909408,-0.5898566021886259,0,-0.4731724427519298,-0.5013944849325526
185,carolinamarinwb,-0.05581725319539703,0.5653321492061808,-0.1924007335778687,-0.2157402204285548,-0.1627166359905502,-0.21844162039734885,-0.5853670536076,0,-0.6147538419377873,-0.6206826893420685
186,moodygirlstyle,-0.30205067759953763,-0.27034952486266484,-0.32659043223365897,-0.2155239417879206,-0.1540652441109527,-0.21738784452228585,-0.5678554635926039,0,-0.4731724427519298,-0.4934419379719182
187,xeniatchoumi,0.022757364467732882,-0.15674546913752332,-0.39150519443274495,-0.20932880106536994,-0.15150025857881075,-0.1924735720475819,-0.35223960425359685,1,0.8010601499207868,0.7073926530838749
188,herapatra,-0.2450564453921136,-0.11074180411955588,0.2048934662596563,-0.21358491624672624,-0.1657163648332247,-0.20835547987888864,0.46003961205274396,0,-0.6147538419377873,-0.6206826893420685
189,themrstee,-0.32646767545408084,-0.28502765659583096,0.08472950297802267,-0.2145067827763221,0.12421394896092375,-0.16153772314394646,1.053976332185528,0,-0.6147538419377873,-0.6206826893420685
190,zara,-0.3257014831904739,-0.2861644726391519,-0.4141293154058412,-0.026885344374307316,-0.17519376900283398,0.0589272438603069,0.3825185061877004,1,0.8010601499207868,0.8584910453359283
191,marialeonstyle,-0.3202526691874537,-0.2726273271760929,0.05521447723414515,-0.20931609540110294,-0.13815363894546187,-0.16552701752811355,-0.06638934093498089,1,0.6594787507349293,0.8664435922965626
192,queridasfashion,-0.11836438759166773,0.6130198911886259,2.2015788596871557,-0.2146739328484571,-0.041336303689866065,-0.19029075059209424,1.3232317195973151,0,-0.4731724427519298,-0.5172995788538214
193,cerisesdumatin,-0.1856124838164282,-0.2891448674539474,-0.3996767098246449,-0.2157733963296964,-0.16384696859793474,-0.2188932386295187,-0.6162297619159087,0,-0.6147538419377873,-0.6206826893420685
194,matthewzorpas,-0.3243251934269621,-0.2891448674539474,-0.3826323922721372,-0.21473195538194315,-0.16319485363213598,-0.20060270022663934,-0.24756965749282084,0,-0.048428245194357636,-0.07195694905829549
195,sturnist,0.5312023686243539,-0.2507175661115275,-0.3766257186445092,-0.2155301534460067,-0.16045597077578103,-0.21776419304909408,-0.5922306566738804,0,-0.6147538419377873,-0.6206826893420685
196,shionat,-0.2958118422143363,-0.2671266737907339,-0.3261940527556937,-0.2131301946400144,-0.14428351962397065,-0.19292519027975172,-0.5043671352295102,1,0.6594787507349293,1.0493521723911536
197,glamlifeguru,-0.2551847851782794,-0.28061487127013857,0.11576906517561288,-0.015892262476435753,-0.16362959694266851,-0.14776336706276574,-0.13133500967516146,1,-0.33159104356607244,-0.4298215622868431
198,tayshiaadams,0.24634747442917035,-0.19797395932898554,-0.3879682698601316,-0.20504543929286329,-0.17393301340228962,-0.20835547987888864,-0.6151014983981641,1,-0.6147538419377873,-0.6206826893420685
199,evalongoria,-0.31847507244767764,-0.2847435859750521,-0.4058968185557927,0.7930314998392047,-0.14337055867185233,1.5958593576397029,-0.2267202879044965,1,0.2347345531773572,0.15071436583946748
200,thekalenallen,-0.18852414743980492,-0.2153505994996469,1.566975315464715,-0.18419826771163464,-0.06263872590596034,-0.1887100867794997,0.4790555534247332,1,-0.6147538419377873,-0.6206826893420685
201,dioniacosta,-0.29816225234895216,-0.19240788771630207,0.2309935303472174,-0.21564295150988835,-0.1478049404392842,-0.1968392149585572,-0.15925953173934332,0,-0.6147538419377873,-0.6206826893420685
202,leoinlaurent,1.5869538256938422,1.8600427569563545,0.04475615716167615,-0.21482865960441988,-0.16041249644472774,-0.2159577201204146,-0.5520362688542246,0,-0.6147538419377873,-0.6206826893420685
203,jabogen,-0.03977321309568763,-0.15512384344241795,0.8883431584590517,-0.2152490759176108,-0.10185257251599512,-0.20955979516467493,-0.2282716502413955,1,-0.6147538419377873,-0.6206826893420685
204,ivanasert,-0.3281282248924932,-0.2887299971430356,-0.4108972981239703,-0.1770317083688467,-0.17284615512595827,-0.20316187020893525,-0.3958422881164397,1,-0.6147538419377873,-0.6206826893420685
205,jeffparshley,-0.2485734516353401,-0.042147735061450635,-0.3844923267456665,-0.18949554149264936,7.007287412967304,-0.14640851236625615,-0.4347908849685856,1,-0.6147538419377873,-0.6206826893420685
206,charlottemurray,-0.009852323412619723,-0.12727531897248975,-0.18169848767280566,-0.21551109494960616,-0.13824058760756838,-0.2143770563078201,-0.3481261435118192,0,-0.4731724427519298,-0.509347031893187
207,riverisland,-0.3256815984460523,-0.2843501372010692,-0.1318156549073267,-0.15988795557335905,-0.14358793032711858,-0.12887067101699326,0.5509588471910062,1,0.2347345531773572,0.2859076641702521
208,stylistmagazine,-0.32869240302682284,-0.288700218175733,-0.1998099807429123,-0.11932780470780426,0.20155478390466194,0.08135761605807662,2.714286615016745,1,1.5089671458500735,1.6776033822812706
209,kegrand,-0.26341761515698553,-0.21781301472678904,-0.3078691245820672,-0.20896810137423405,-0.1727157321327985,-0.19465639350306954,-0.5295415149691893,0,0.6594787507349293,0.810775763572122
210,alicezielasko,-0.317918713605928,-0.2891448674539474,-0.3955909521286949,-0.21542582582496972,-0.16875956800695244,-0.2155061018882448,-0.5257336255968008,0,-0.19000964438021506,-0.3105333578773272
211,darthlux,-0.20759472969350165,-0.2701718532217079,4.0232169774993665,-0.16267275483259466,-0.11606867877040905,-0.133989010981585,1.872390481369606,1,-0.6147538419377873,-0.6206826893420685
212,lelepons,-0.29586405627560125,-0.2763003726128627,0.19446563691626154,0.057651934000345725,1.3958816065996456,-0.057213911512708784,-0.34723293489360463,1,-0.6147538419377873,-0.6206826893420685
213,hellorigbyblog,-0.32707421968425504,-0.2891448674539474,-0.16087331971509042,-0.2145400998515112,-0.027685363739144424,-0.2067748160662941,-0.28757600139285244,0,-0.4731724427519298,-0.5013944849325526
214,lilireinhart,0.0939451590564819,-0.16656906373518396,-0.3193946201721351,0.2148544592325974,-0.16793355571694066,-0.06052577854862109,-0.444757212708664,1,-0.33159104356607244,-0.3105333578773272
215,luckybrand,-0.3169734016844541,-0.25880873569898033,-0.3888525010032849,-0.21227383286841736,-0.10515662167604238,-0.1815594647701436,-0.43025432540765374,1,-0.33159104356607244,-0.3821062805230368
216,karma_sia,3.950138811919828,0.6962339505654245,-0.3594594381757044,-0.21553170636052826,-0.16154282905211234,-0.219043778040242,-0.5872239873138883,0,-0.4731724427519298,-0.509347031893187
217,gustavoegelhaaf,1.2008850531684756,0.4779940377477732,0.08305251287893872,-0.21246088848123731,-0.1449791089208227,-0.21520502306679815,-0.18878242712033025,0,-0.6147538419377873,-0.6206826893420685
218,jonkortajarena,-0.3255681947637028,-0.2858769955870818,-0.2859157996486046,-0.140323632560957,-0.15458693608359175,-0.17591423686802035,-0.5120064194642401,1,-0.19000964438021506,0.04733125535122039
219,lafallaras,-0.0032876891815326412,0.5326925407933435,2.8160890134496643,-0.19689306157700215,0.06221955287898408,-0.1451289273751082,0.34907019398456,1,-0.6147538419377873,-0.6206826893420685
220,beacasso,6.541917618267442,4.2958981603459225,0.3016405496122631,-0.2116467377498163,0.7547656465573143,-0.21362435925420367,0.16304774649639894,0,-0.6147538419377873,-0.6206826893420685
221,shoptimista,-0.3273397234925541,-0.2854730078718322,-0.375284126565242,-0.21434880901726885,-0.1500656056540534,-0.20007581228910787,-0.21294607079202968,0,-0.19000964438021506,-0.143529871704005
222,bellapummarola,-0.3291012579845161,-0.25006525081096176,-0.4144952041547322,-0.2156720333636551,-0.16210799535580464,-0.21753838393300912,-0.5958034911467387,0,-0.4731724427519298,-0.4616317501293807
223,alexanderwangny,-0.2980806666000759,-0.248552811858166,-0.3889744639195819,-0.10827302975121396,-0.16828135036536665,0.003152392187329184,-0.5226779119029089,1,1.7921299442217884,2.0354679955098183
224,dannapaola,-0.03880094286600489,-0.04031895357636468,0.3374366655454369,0.2759725160562351,-0.13211070692905966,0.2368648273352318,-0.07062032912652359,1,-0.4731724427519298,-0.5013944849325526
225,fashionweekaus,-0.3250504856847205,-0.2853921123287763,-0.3777843663493308,-0.21009339970614965,-0.15415219277305922,-0.199624194056938,-0.5269089000944516,1,1.3673857466642163,1.4628846143441419
226,catherine_fulop,-0.32157617647832226,-0.28301102509642223,2.0684258458198905,0.013245919735211921,-0.001948559755618277,-0.012353167117169349,1.7146921492748282,1,-0.6147538419377873,-0.6206826893420685
227,gabifresh,-0.210329389800828,-0.22071375480281386,0.8065975138109777,-0.20617045527668404,-0.1174163830330599,-0.13715033860677406,0.7753187487925348,1,2.0752927425935037,2.011610354627915
228,laurenmdix,-0.3145105115847017,-0.2651338766973216,-0.2926542507740147,-0.2146925678227154,0.017962683866771884,-0.20910817693250505,-0.5042966187596511,0,-0.33159104356607244,-0.31848590483796163
229,beautybay,-0.21268486436178813,-0.2409199408709963,-0.2359414946959029,-0.1914567313592873,-0.16180367503843185,-0.19081763852962572,-0.06415631938944448,1,-0.4731724427519298,-0.5172995788538214
230,olgatanon1313,-0.3275453218375215,-0.2867903032827649,-0.3496414234137947,-0.06093835987253245,-0.15949953549260942,-0.0287619628860076,0.15747694537753434,1,-0.4731724427519298,-0.5013944849325526
231,haileybieber,0.7817193183808716,0.7920951086660607,-0.34851326643804736,-0.012846291229489252,-0.05537851262006698,-0.02966519935034732,-0.6077677855328234,1,-0.6147538419377873,-0.6206826893420685
232,alexisreng,-0.1177865984264866,-0.18501344491726845,-0.3509220340349134,0.007176706262952147,-0.17710663956917713,-0.08634328748766476,-0.4425712021430336,1,-0.6147538419377873,-0.6206826893420685
233,9to5chic,-0.3243638082056602,-0.2861823508904642,-0.3809554021730533,-0.213999120901831,-0.14350098166501207,-0.19435531468162295,-0.4417955209745841,0,1.9337113434076456,2.114993465116162
234,naomicampbell,-0.2795014031427196,-0.24088939324466765,-0.3611974097329369,-0.11601600272958225,-0.13650161436543826,-0.056084865932284136,-0.4554051996573799,1,0.8010601499207868,0.77101302876895
235,caradelevingne,-0.3167793512417261,-0.28062292897927565,-0.4153794352978856,1.1836743476050977,-0.13489306411646787,0.32395187643865314,-0.4407847849066045,1,1.650548545035931,1.7173661170844423
236,sineadxcrowe,-0.3162711188251541,-0.2891448674539474,0.4149745895812639,-0.21520771192171928,-0.1601516504584082,-0.20647373724484755,0.012683127266961712,0,-0.048428245194357636,-0.1514824186646394
237,aimeesong,-0.28056156774485075,-0.24983777923562425,-0.4151660001943658,-0.2059865054929071,-0.1629774819768697,-0.13255888657971376,-0.15441740080902222,0,4.623757927938937,4.341706614093791
238,karolinazl,-0.0006313552523913791,-0.1236524057910322,-0.09961744500491483,-0.21470753227174103,-0.1497612853366806,-0.21083938015582288,0.07400895055437796,1,-0.33159104356607244,-0.3900588274836712
239,livblankson,-0.3128524177532659,-0.2891448674539474,0.1827267062226739,-0.2154926011493953,-0.14641376184558008,-0.21535556247752147,-0.1221678685934856,0,-0.4731724427519298,-0.5252521258144558
240,mariaelenapazzi,-0.27023493821511085,-0.2420082406787525,-0.3910478334966312,-0.21342016613339726,-0.14541385223135525,-0.21369962895956526,0.2635102105555852,0,-0.6147538419377873,-0.6206826893420685
241,mango,-0.3270128252135062,-0.2861348010467715,-0.28487911486008005,-0.1053538327988428,-0.06842081193604307,-0.035460966663193864,0.2538964651648021,1,1.0842229482925017,1.0891149071943256
242,amber_davies7,0.1637254247268108,0.11313559678011754,0.034053911256613126,-0.15927511903354655,-0.15115246393038473,-0.2057210401912311,0.008875237894573276,1,-0.6147538419377873,-0.6206826893420685
243,gigihadid,-0.13717043459506595,-0.030519241486403927,-0.2767990716554028,1.085175097115513,-0.15449998742148524,0.11966989608715307,-0.23910768110973546,1,0.6594787507349293,0.6199146365168966
244,marengorocio,-0.32477424050286585,-0.2804584519815679,-0.25307728443563343,-0.14604880487967542,-0.14006650951180505,-0.08092386870162642,0.1314328625095937,0,-0.6147538419377873,-0.6206826893420685
245,datosdemodas,-0.3213729265453508,-0.2891448674539474,-0.37933939353211776,-0.20804199962321585,-0.106634748931853,-0.21219423485233244,-0.4983027188216323,0,-0.6147538419377873,-0.6206826893420685
246,allisonraskin,-0.05056420035477746,-0.146368464721426,0.3230450414223892,-0.20018467566644435,-0.1609341884173668,-0.1883337382526915,-0.5310693718161352,1,-0.6147538419377873,-0.6206826893420685
247,smileyazzz,-0.25155626088091115,-0.2891448674539474,-0.12394904680616925,-0.2157429027354556,-0.16393391726004128,-0.21896850833488035,-0.0182736030011591,0,-0.6147538419377873,-0.6206826893420685
248,mosia_tumie,-0.21427407260740733,-0.20537117128542995,-0.3256452196323571,-0.21536116811125536,-0.05298742441213803,-0.21881796892415706,-0.5298000753586725,0,-0.6147538419377873,-0.6206826893420685
249,adrianalucia,-0.0779538564570733,-0.09308378314215117,0.01984523150801093,-0.13153950098293027,-0.15415219277305922,-0.15717208023297116,0.0053729198915740345,1,-0.6147538419377873,-0.6206826893420685
250,styleandpepper,-0.3186234727804733,-0.2822478384249901,-0.3689420549177973,-0.21425422240550326,-0.1280241198100538,-0.1931509993958367,-0.116550056494715,0,0.3763159523632146,0.5006264321073807
251,sarahktripp,0.06439489608105163,-0.0502430600515445,0.6885374108354675,-0.21558478780235488,-0.16997684927644355,-0.21528029277215985,-0.5755182533172867,0,-0.6147538419377873,-0.6206826893420685
252,saraialma,-0.305249066467046,-0.2891448674539474,-0.26259039190680056,-0.21483854178773867,-0.13915354855968673,-0.21181788632552426,0.08536210220168422,0,-0.4731724427519298,-0.4934419379719182
253,versace,-0.3224746602123956,-0.2819326248073986,-0.3751316729198708,0.4622941650037339,-0.15797793390574555,0.3770170187186117,-0.4370474120040751,1,2.7831997385227902,2.8545803324551606
254,emmawatson,-0.19063396355035275,-0.19667258299237456,-0.3817786518580581,3.899746833557748,-0.1610211370794733,3.1810393525559117,-0.5779628242724003,1,-0.19000964438021506,-0.3105333578773272
255,caminoconallure,-0.3017168566849507,-0.2891448674539474,-0.30350895032444897,-0.21546478986205528,-0.1450660575829292,-0.21678568687939268,-0.5135812872910921,0,-0.4731724427519298,-0.4934419379719182
256,laurenlaverne,-0.28781687784667553,-0.2323510228722082,1.0356743613458452,-0.14555977797944264,0.032743956424878116,0.046357203064912464,-0.5217141868148353,1,-0.4731724427519298,-0.4059639214049399
257,plussizewomensa,-0.3055922804960262,-0.28235974318297713,-0.24063706697333795,-0.21343823641146584,-0.1136775905624801,-0.2182158112812639,-0.491627159674976,0,-0.6147538419377873,-0.6206826893420685
258,serenawilliams,-0.2891327449031607,-0.2644124586450701,-0.3987924786814916,1.3201636754271138,-0.16284705898370996,1.51742832465287,-0.2791610359896731,1,-0.33159104356607244,-0.28667571699542405
259,rosymcmichael,-0.13323554537201254,-0.2466870807284316,-0.3593374752594074,-0.18587541539488106,-0.1648468782121596,-0.21189315603088588,-0.4639141870203713,0,-0.4731724427519298,-0.5252521258144558
260,glamobserver,-0.3264625272692906,-0.2891448674539474,-0.40348805095892665,-0.21548427188059804,-0.16202104669369813,-0.20075323963736266,-0.25344602998107457,0,-0.6147538419377873,-0.6206826893420685
261,gabrielmedina,-0.2110092413342307,-0.2891448674539474,-0.3107657438441213,-0.21569306829671936,-0.1412403164502429,-0.2187426992187954,-0.5487690057507556,0,-0.6147538419377873,-0.6206826893420685
262,bebrightpink,-0.3155087112520344,-0.270256062194384,-0.2192630658922861,-0.21240244242560907,-0.08446284009469365,-0.18389282563635453,-0.1970328540938385,1,-0.6147538419377873,-0.6206826893420685
263,cindi_leive,-0.3245283812298031,-0.2841280210007279,-0.2323130979360667,-0.18374199319040127,-0.1059826339660542,-0.14866660352710545,-0.4511036949959781,1,1.3673857466642163,1.5344575369898517
264,collagevintage,-0.3258881933956492,-0.2884006979653301,-0.2379843735438779,-0.2086031664616758,-0.15702149862257395,-0.16891415426938752,-0.05049962972674272,0,1.9337113434076456,1.9638950728641087
265,virginiadiazr3,-0.2668920320074716,-0.257132559238181,2.1251690926270768,-0.20810355150788715,-0.1347626411233081,-0.1609355655010533,0.649070762254891,0,-0.6147538419377873,-0.6206826893420685
266,loverosiee1,-0.3241202345269933,-0.2839534792652113,0.577276740443516,-0.2147762840328303,-0.026728928455972842,-0.20835547987888864,0.6690034177350477,0,-0.6147538419377873,-0.6206826893420685
267,britishvogue,-0.3286483193681564,-0.2887357421320509,-0.3855595022632655,0.2953775947431572,-0.13550170475121345,0.7703012292331983,7.434400546991742,1,2.500036940151076,2.47285807834471
268,pilimoon8,-0.12610039270226664,-0.03355181568553605,-0.2459424538322581,-0.2145504055569722,-0.12676336420950945,-0.2127963924952256,-0.4406437519668864,0,-0.6147538419377873,-0.6206826893420685
269,marieclaire_es,-0.3289705483890282,-0.2890086375694754,-0.3443970180130231,-0.13708128821406138,-0.148630952729296,-0.04042876721706232,1.5259195594621642,1,-0.19000964438021506,-0.2946282639560585
270,ludmilla,-0.00989983028744288,-0.053726749426129386,0.07292959082628651,0.6426339872143206,-0.16284705898370996,-0.147913906473489,-0.06883391189009445,1,-0.6147538419377873,-0.6206826893420685
271,margaretcho,-0.2902142584065969,-0.23590097630528944,0.9846023901464704,-0.14762402490069085,3.965344994840095,0.3880816654067733,0.05337113037563075,1,-0.33159104356607244,-0.3662011866017679
272,colorbyk,-0.3264790442541258,-0.2850454300076942,3.86109777101156,-0.21450113581442565,-0.12345931504946216,-0.20383929755719,-0.3918228493344741,0,0.517897351549072,0.8028232166114876
273,ab1n0rmal,0.3809481435988954,0.1119074879591362,-0.3677224257548271,-0.21562205775087148,-0.14445741694818365,-0.2170114959954776,-0.6008101605067309,0,-0.6147538419377873,-0.6206826893420685
274,fashionweek,-0.3248867134249264,-0.2822695899460128,-0.3592460030721846,-0.11285243350114213,-0.11428623119722565,0.05584118594047953,-0.25537348015722183,1,2.641618339336933,2.5046682661872475
275,oscarmansillava,-0.32514745578895365,-0.2850240834035045,-0.3677224257548271,-0.21450791216870135,-0.1674553380753548,-0.2182910809866256,-0.4350964563379749,0,-0.6147538419377873,-0.6206826893420685
276,beccamedlin,-0.02845908669114539,-0.16091957844307275,0.00011772979696881845,-0.21283994079853671,0.2685052537266725,-0.21588245041505294,-0.2967196369845753,0,-0.4731724427519298,-0.509347031893187
277,instyle,-0.3284079867928833,-0.2883605484660797,-0.29207492692160386,0.4063765365645868,-0.06798606862551053,1.316533481042644,5.02913077107962,1,2.2168741417793605,2.178613840801237
278,indiaknight,-0.2395698200115288,-0.2679443571853323,0.8541935418958876,-0.19228542301759166,-0.04850956831365291,-0.06632154586146763,-0.6123513560736613,1,-0.4731724427519298,-0.4059639214049399
279,lornaraindrops,-0.32251972278693203,-0.28789768659644394,-0.1363587735393905,-0.2115095165757325,-0.16819440170326014,-0.1951080117352394,-0.2473346025932907,0,1.3673857466642163,1.2243082055251102
280,halilsoyletmez,-0.24151976508650866,-0.2809722509758291,0.3489621611355048,-0.16987799586437324,-0.13071952833535552,-0.20128012757489416,-0.3389354969401903,1,-0.6147538419377873,-0.6206826893420685
281,cmollysmith,0.7133899305547138,-0.0068210423547563825,-0.35982532692459546,-0.21560031694757006,-0.13002393903850346,-0.2159577201204146,-0.518211868811836,1,-0.6147538419377873,-0.6206826893420685
282,prettysickly,-0.3143406099591249,-0.2847494280444378,-0.3007952754368404,-0.2145892284200103,-0.1539782954488462,-0.21257058337914067,0.5591857686745615,0,-0.19000964438021506,-0.27872317003478964
283,indianmakeup,-0.32072598358354604,-0.2891448674539474,-0.38784630694383454,-0.21468296798749145,-0.16397739159109453,-0.21008668310220646,0.13632200441982084,0,-0.4731724427519298,-0.5013944849325526
284,aly_raisman,-0.31168278195744675,-0.27815996912394664,-0.33463998470926193,-0.064963231964229,-0.1534131291451539,0.0007437616157565964,-0.3781426541818194,1,-0.6147538419377873,-0.6206826893420685
285,missvintagelady,1.122491671865442,0.2694637704428477,0.1993746442972164,-0.21577085519684303,-0.1568910756294142,-0.2188932386295187,-0.5259216695164249,0,-0.6147538419377873,-0.6206826893420685
286,cdlc_oficial,-0.18208314560883065,-0.1321804568052612,-0.4155623796723311,-0.21557010570142413,-0.1767588449207511,-0.219043778040242,-0.550978521806339,0,-0.4731724427519298,-0.509347031893187
287,cocosteaparty,-0.32051494727765584,-0.2811479437956354,-0.2974412952386725,-0.2111152174613127,-0.16428171190846733,-0.1674840298675163,0.4829339592669806,0,1.7921299442217884,1.8605119623758617
288,indiegetup,-0.3239881619353166,-0.25717063565514103,-0.4093117802121091,-0.21530611023276494,-0.16206452102475138,-0.21844162039734885,-0.601021709916308,0,-0.6147538419377873,-0.6206826893420685
289,tamaramellon,-0.3211871531508381,-0.2891448674539474,-0.3561054579775365,-0.21277528308482235,-0.14128379078129613,-0.19224776293149692,-0.5277080867528541,0,0.517897351549072,0.5006264321073807
290,norkys_batista,-0.3288467506235158,-0.2890407482645887,-0.4141598061349154,0.14471848660841985,-0.15580421735308286,0.09535778125534228,0.8245392447541483,1,-0.6147538419377873,-0.6206826893420685
291,aliciatenise,-0.31216716683829865,-0.28291571242328456,0.12360518254769608,-0.21494837519662469,-0.1419793800781482,-0.20955979516467493,0.42513395947251664,1,-0.6147538419377873,-0.6206826893420685
292,harpersbazaarus,-0.3281374383590676,-0.28804288870541,-0.043362049862916884,0.02263907615377107,-0.1400230351807518,0.5536750172023887,1.8058934502925263,1,2.7831997385227902,2.8148175976519885
293,hannahsplace,-0.3242144051233343,-0.2891448674539474,-0.4162331757119647,-0.21563377519680665,-0.1125472579550955,-0.2182910809866256,-0.6089195545405209,0,-0.6147538419377873,-0.6206826893420685
294,natasupernova,-0.3157666100404357,-0.2794163981745442,-0.41525747238158855,-0.16950656694563407,-0.17167234818752042,-0.15739788934905607,-0.6002460287478585,1,0.2347345531773572,0.3813382276978648
295,sophiachang,-0.27819992655240616,-0.2667639518144817,-0.3940969064040565,-0.20933995381511544,-0.17445470537492866,-0.2054952310751462,-0.33000341075804457,0,-0.33159104356607244,-0.3502960926804992
296,metgalafashion_,1.1486760083832936,0.971919284003915,-0.4141293154058412,-0.21420184683391366,-0.1779761261902422,-0.2182910809866256,-0.6163002783857678,0,-0.6147538419377873,-0.6206826893420685
297,giseleofficial,-0.3119271035852045,-0.2817035880533878,-0.4007133946131696,0.4522324082966348,-0.17406343639544938,0.2563596810238974,-0.516566484515125,1,1.0842229482925017,1.136830188958132
298,muslimffestival,-0.12569809460266038,1.5031641259805184,-0.4162331757119647,-0.21571650318858965,-0.16032554778262126,-0.2187426992187954,-0.5832985704917347,0,-0.6147538419377873,-0.6206826893420685
299,lhavgodinez,-0.3015999196417926,-0.24615065423721616,-0.36674672242445094,-0.2155597999959631,-0.15010907998510664,-0.2166351474686694,0.05332411939572472,0,-0.6147538419377873,-0.6206826893420685
300,frrossetti,-0.1993909519241616,0.03224640366475659,-0.3836690770606618,-0.215458860552064,-0.16245579000423066,-0.21603298982577626,-0.5753537148876156,0,-0.4731724427519298,-0.4059639214049399
301,fashion_me_now,-0.12658186503179272,-0.16671009750396493,-0.30140509001832544,-0.21440767859503934,-0.14954391368141434,-0.20564577048586946,-0.4527960902725952,0,0.942641549106644,1.0493521723911536
302,kicksfinder,-0.3182254644914083,-0.2780252504780249,-0.4144342226965837,-0.19507205753944365,-0.17815002351445522,-0.17975299184146415,0.06314941419608501,0,-0.6147538419377873,-0.6206826893420685
303,fanfundamian,-0.28650407631236285,-0.20035247059330674,1.2593848405636443,-0.2149033406755005,0.0577851711115522,-0.21249531367377905,0.785144043592895,0,-0.6147538419377873,-0.6206826893420685
304,_kikanieto,-0.22365471085747493,-0.24654763922672754,-0.2938433892079105,-0.10326389220096573,-0.17584588396863274,-0.20963506487003655,-0.5474762038033397,0,-0.6147538419377873,-0.6206826893420685
305,dollyalderton,0.0038267986481911416,-0.11847157103304765,0.11482385257431102,-0.2006019861505922,-0.12215508511786455,-0.19555962996740925,-0.30407685533986895,1,-0.4731724427519298,-0.4059639214049399
306,ligiaaguayo,-0.18321056110473527,-0.2614990251126213,-0.35061712674417084,-0.21561528139659566,-0.13632771704122526,-0.21588245041505294,-0.5028392783825641,0,-0.6147538419377873,-0.6206826893420685
307,georgieclarkex,-0.29049786067250344,-0.2891448674539474,-0.4012012462783576,-0.2154316139609136,-0.16736838941324833,-0.21866742951343374,-0.5835806363711709,0,-0.6147538419377873,-0.6206826893420685
308,chelseahandler,-0.12429555972404925,0.009918989674530731,-0.1842901996441172,0.9375564544398729,-0.15441303875937873,2.285932016395249,-0.3501711211377315,1,-0.19000964438021506,-0.143529871704005
309,kerrytaylorauct,-0.27292655293104146,-0.1954694361913529,-0.4037014860624464,-0.2155802702328377,-0.15358702646936692,-0.2162587989418612,-0.5785269560312727,0,-0.6147538419377873,-0.6206826893420685
310,mariasharapova,-0.21471012083987728,-0.208445425727072,-0.3600997434862637,1.0096783223889856,-0.17480250002335468,0.3710707119950419,-0.5289538777203641,1,-0.33159104356607244,-0.4059639214049399
311,pabloperroni,4.593185164895568,2.279497565932647,-0.09861125094546447,-0.2107841643201332,-0.14441394261713042,-0.2126458530845023,-0.4048448907684445,1,-0.6147538419377873,-0.6206826893420685
312,fashionablykay,-0.2702411988134981,-0.2891448674539474,-0.3372621874096477,-0.2156635629208104,-0.16023859912051472,-0.21814054157590226,-0.4362482253456726,0,-0.4731724427519298,-0.5013944849325526
313,danielaestevez1,-0.3253423730176541,-0.2891448674539474,-0.3979387382674125,-0.21512484275588886,-0.17267225780174525,-0.2178394627544557,-0.3002689659674805,0,-0.6147538419377873,-0.6206826893420685
314,billrancic,-0.3251958043160224,-0.2869318379191214,-0.4151355094652915,-0.147960442655672,-0.15641285798782842,-0.046224534529908864,-0.5100084528182338,1,-0.4731724427519298,-0.5013944849325526
315,peeptoes,-0.318729003840235,-0.2876187063266856,-0.29396535212420755,-0.2087817516316511,-0.14541385223135525,-0.156569922590078,-0.07555648201665675,1,1.3673857466642163,1.439026973462239
316,kgt_stitchwitch,1.2147850544909435,0.34144430990736685,0.05326307057339292,-0.21334308510351066,-0.16080376542420702,-0.2143770563078201,-0.4476483879728849,0,-0.6147538419377873,-0.6206826893420685
317,marccain,-0.2967046814167878,-0.22161528989486814,-0.3851326320562259,-0.21549161293106345,-0.17219404016015946,-0.21497921395071326,-0.5319155694544438,0,-0.6147538419377873,-0.6206826893420685
318,estilodf,-0.32435108047306044,-0.28426008515385104,-0.3063750788574288,-0.17519037526846096,-0.0995049586391194,-0.18682834414545865,0.5931747071466212,1,-0.6147538419377873,-0.6206826893420685
319,tocadosairun,1.1875083605096088,6.693827257910423,-0.10492283186383497,-0.21559269354900992,-0.16080376542420702,-0.21738784452228585,-0.2442083724295397,0,-0.6147538419377873,-0.6206826893420685
320,bryanboy,-0.3264452463734015,-0.2886235055255801,0.585814144584307,-0.1438096433136846,-0.058508664455901235,0.1037127185504847,-0.5345481843291815,1,4.340595129567221,4.039509829589686
321,natmanilag,-0.32404034725221115,-0.2733209193693892,-0.2695422781357304,-0.21445370133449546,-0.16084723975526027,-0.21671041717403106,-0.141583403294676,0,-0.4731724427519298,-0.4934419379719182
322,blakescott_,-0.1824081123340975,-0.20037091617042666,-0.274542757703908,-0.2152655932811579,-0.17093328455961512,-0.2100114133968448,-0.3215414343749592,0,-0.4731724427519298,-0.4775368440506494
323,kimrichards11,-0.3185231927846449,-0.2850632037924262,-0.4138853895732472,-0.13303891054048586,-0.1688899910001122,-0.08160129604988123,-0.4944948294492438,1,-0.19000964438021506,-0.3025808109166928
324,highpinklettos,-0.2417004219205009,-0.1752797973790611,-0.28881241891065873,-0.2155737762266568,-0.17149845086330742,-0.21806527187054064,-0.25800609503195954,0,-0.33159104356607244,-0.3025808109166928
325,khlomoney98,-0.31307950245027466,-0.26822598509799656,0.4218959850811195,-0.2109386087280012,-0.0453359421467654,-0.21655987776330776,0.21943741689368199,0,-0.6147538419377873,-0.6206826893420685
326,vickardash,-0.29749574341878393,-0.2648730544335116,-0.4136414637406531,-0.21426269284834795,-0.1718027711806802,-0.21686095658475432,0.9369189922195132,0,-0.6147538419377873,-0.6206826893420685
327,mrporterlive,-0.3274084528738762,-0.2864130515896931,0.0803083472622559,-0.1844012759918121,-0.15463041041464498,-0.04072984603850889,0.3685327396656564,1,2.0752927425935037,2.234281669525678
328,krisjenner,-0.3226577421799163,-0.28714251444948746,-0.4139768617604699,1.3267905263866482,-0.16706406909587554,0.6144176694292348,-0.3159001167862356,1,0.09315315399149976,-0.06400440209766109
329,moderneve,-0.3274822926043325,-0.2891448674539474,-0.4158367962339994,-0.2152795695118516,-0.16897693966221872,-0.20782859194135714,-0.3652146347076611,0,-0.048428245194357636,0.0314261614299516
330,emrata,-0.2386031260628688,-0.2543539277187138,-0.3512269413256559,-0.0010972223077301082,-0.16649890279218324,0.03040002552824408,-0.5717573749248043,1,0.2347345531773572,0.2859076641702521
331,k_life88,1.1146499996430157,3.304515449935524,0.28990161891867544,-0.21338289618488065,-0.17541114065810026,-0.2036134884411051,-0.13070036144643005,0,-0.6147538419377873,-0.6206826893420685
332,amenaofficial,-0.2440975188611177,-0.2427160719870582,-0.2786894968580065,-0.21014972815106672,-0.15410871844200594,-0.2053446916644229,-0.3468803525443094,1,-0.6147538419377873,-0.6206826893420685
333,balenciogre,0.6982679878300924,0.6036740666204173,0.39875352171376094,-0.21495035163328846,-0.1699333749453903,-0.21618352923649956,0.013623346865082313,0,-0.6147538419377873,-0.6206826893420685
334,kasi_lemmons,0.4763114569514551,0.8736106668825425,-0.3969630349370364,-0.21493298722545687,-0.17628062727916533,-0.21196842573624752,-0.6034662808714216,0,-0.6147538419377873,-0.6206826893420685
335,oh_sheamodel,-0.19947654439105672,-0.244111805951894,0.2221817096447581,-0.215571093919756,-0.13689288334491753,-0.21851689010271047,-0.23132736393528744,0,-0.6147538419377873,-0.6206826893420685
336,claudiabahamon,-0.3252441865990633,-0.28663796511797324,-0.02079891034796918,0.004519528342576407,-0.13441484647488208,-0.06745059144189228,0.3854566924318273,1,-0.6147538419377873,-0.6206826893420685
337,kyliejenner,-0.3003966267276431,-0.28032024666664856,-0.4033355973135554,4.3873713108035535,-0.13271934756380518,0.9218191461261864,-0.2943925934792268,1,-0.4731724427519298,-0.5013944849325526
338,glukoza_ionova,-0.3236928008654425,-0.2868493080056789,-0.41434275050936104,-0.14572763392181468,-0.16919431131748494,-0.17049481808198202,-0.15272500553240514,1,-0.6147538419377873,-0.6206826893420685
339,joinnus,-0.3288323739994579,-0.2874634285014007,0.053872885154878,-0.2126199916326699,-0.05803044681431545,-0.2060221190126777,0.13505270796235802,0,-0.6147538419377873,-0.6206826893420685
340,lenawaithe,-0.2785909367969808,-0.23190201488800646,1.333873691692046,-0.1870492775991061,-0.03325007811396088,-0.13752668713358224,0.09246076016749476,1,-0.6147538419377873,-0.6206826893420685
341,tiffanymbattle,-0.234623593016873,-0.15013155591878888,-0.15026254599725014,-0.21565495130391832,-0.15910826651313012,-0.2164846080579461,-0.3965474528150302,0,-0.6147538419377873,-0.6206826893420685
342,ausoniapartners,0.8256551055562604,1.9409170137778764,-0.4003170151352043,-0.21530427497014865,-0.03785835720560577,-0.21866742951343374,-0.6130330152822987,0,-0.6147538419377873,-0.6206826893420685
343,thedailyblink,-0.22416218106247265,-0.16294756719819306,0.13101442971273972,-0.21559678759638484,-0.16328180229424247,-0.2187426992187954,-0.174373561779132,0,-0.6147538419377873,-0.6206826893420685
344,angelalessandra,-0.2900594141963325,-0.2771029163576486,-0.4062017258465352,0.2936396010454765,-0.1618471493694851,0.1874126309126321,-0.4383167084615379,1,1.650548545035931,1.5742202717930236
345,emilyanngemma,0.12022083226556812,0.04434036776005409,0.19452661837441004,-0.21278615348647303,-0.15232627086882256,-0.2126458530845023,-0.2445609547788349,0,-0.33159104356607244,-0.3582486396411336
346,kotnbasics,-0.16557934538018682,-0.22899381855928064,-0.4037014860624464,-0.2156309517158584,-0.172454886146479,-0.21671041717403106,-0.5990707542502078,0,-0.6147538419377873,-0.6206826893420685
347,sophiexmudd,0.4693046032539033,-0.0244564187278803,-0.4036709953333722,-0.21477600168473548,-0.17584588396863274,-0.21814054157590226,-0.6029961710723613,0,-0.6147538419377873,-0.6206826893420685
348,thebigsartorial,0.4954865362855274,0.05988868507380037,-0.3930907123446062,-0.2149949626322704,-0.11963357391677586,-0.21535556247752147,-0.5721804737439585,0,-0.4731724427519298,-0.4775368440506494
349,colesprouse,0.3740402880832957,0.1447600185730432,-0.3776319127039596,1.1868917041456013,-0.16928125997959148,0.27465021942677675,-0.5756592862570048,1,-0.6147538419377873,-0.6206826893420685
350,bellahadid,-0.021147121662687302,-0.02536529449720348,-0.28652561423008965,-0.04479609576938064,-0.17193319417383995,-0.08875191805923735,-0.6133855976315941,1,-0.19000964438021506,-0.3025808109166928
351,latinfashionews,-0.3286615285464751,-0.28827297844203154,0.04987859964615077,-0.13585279165348813,0.9182726056486012,-0.18238743152912168,1.33199926734979,0,0.517897351549072,0.4211009625010368
352,justfabonline,-0.3249090802079896,-0.2878004899145037,-0.3361645211629746,-0.20783150911852555,-0.17788917752813568,-0.1870541532615436,0.7389087448553144,1,-0.048428245194357636,-0.024241667294489136
353,omgheatherjana,0.13315338032808,0.0007868885562824684,0.7350967541318528,-0.2145700287495624,-0.15823877989206506,-0.21776419304909408,-0.5399544470183749,0,-0.6147538419377873,-0.6206826893420685
354,pauechevarriafc,-0.20431955453895398,-0.1916061386723188,-0.4039759026241147,-0.21130100250770603,-0.15636938365677516,-0.21317274102203385,-0.4140825483199794,0,-0.6147538419377873,-0.6206826893420685
355,samanthamvb,2.575720975720393,5.116411608483723,-0.3717167112635544,-0.2154431902328013,-0.06702963334233895,-0.21166734691480094,-0.4944948294492438,1,-0.6147538419377873,-0.6206826893420685
356,wickedmajo,0.1888672627204421,-0.2523373215460191,0.2732231901150587,-0.21551787130388192,-0.15110898959933147,-0.21678568687939268,0.4398248906931511,0,-0.6147538419377873,-0.6206826893420685
357,mancandy,-0.3278209902893576,-0.2859424573559849,-0.3629353812901693,-0.21246018261100028,-0.12906750375533188,-0.20143066698561746,0.9109454258214316,0,-0.19000964438021506,-0.04014676121575792
358,itsthestylehive,-0.12796357234050765,-0.10047572485304312,-0.4086409841724755,-0.21572398541310245,-0.17593283263073928,-0.21324801072739544,-0.1648538383481609,0,-0.6147538419377873,-0.6206826893420685
359,burberry,-0.3280672634243009,-0.28778073644781965,-0.4075433179258024,0.9635241498947574,-0.17758485721076292,0.7136231410958809,-0.29366392329068336,1,1.7921299442217884,1.6537457413993677
360,sneakernews,-0.31840409067654324,-0.2810608986853241,-0.3983046270163035,-0.10237534274655892,-0.17158539952541393,0.009023429205537364,2.9778066628799973,0,-0.048428245194357636,-0.143529871704005
361,theoutnet,-0.3284422194571809,-0.2869125339221549,-0.2519186367308118,-0.18458042585797707,-0.11511224348723745,-0.11788129403419333,0.16137885670973487,1,1.7921299442217884,1.765081398848249
362,maraferreira,-0.3291012579845161,-0.2891448674539474,-0.3912002871420025,-0.21504762055195484,-0.15432609009727224,-0.2066995463609325,-0.2632948302713879,0,-0.19000964438021506,-0.143529871704005
363,jcpajares,-0.2616083901350821,-0.2627661262199321,-0.15209198974170535,-0.2156059639094666,-0.1725418348085855,-0.21671041717403106,-0.4877957648126346,0,-0.4731724427519298,-0.5172995788538214
364,kaiagerber,3.128213649953808,1.8486500470023048,-0.3873889460077207,-0.20200525618186066,-0.17154192519436068,-0.19571016937813251,-0.6069450933844678,1,-0.4731724427519298,-0.4059639214049399
365,thefrugality,-0.3102237638691703,-0.2786516665210794,-0.12248549181060507,-0.21376505433122306,-0.07785474177459911,-0.20263498227140367,-0.15056250045672775,0,0.942641549106644,0.993684343666713
366,telegraphstella,-0.32844402351837143,-0.28832287752985963,-0.2673469456423841,-0.20276152555384305,-0.13341493686065725,-0.1249566463381878,0.08792420060656286,0,1.5089671458500735,1.6378406474780989
367,makeupbymario,-0.24990750439247475,-0.2302429826808437,-0.4104704279169307,-0.18276097473494005,-0.1611080857415798,-0.1525806282059109,-0.4184310639612872,1,-0.19000964438021506,-0.2628180761135209
368,chufy,-0.3204683098851037,-0.2689003902588957,-0.3406771490659641,-0.2150145858248606,-0.1685856706827394,-0.21362435925420367,-0.5804073952275138,0,-0.19000964438021506,-0.1514824186646394
369,beautybynena,-0.19594318215004292,-0.2419124156174127,-0.1016298331238156,-0.2127438012722496,-0.16145588039000586,-0.2155813715936064,-0.3332706738615137,0,-0.6147538419377873,-0.6206826893420685
370,krystalschlegel,-0.32268016062040505,-0.2891448674539474,-0.376717190831732,-0.21500795064463227,-0.1479788377634972,-0.2067748160662941,-0.46038836352741896,0,0.3763159523632146,0.4688162442648432
371,calvinklein,-0.32586132035338594,-0.28739065645945433,-0.3904990003732946,0.3069307140871094,-0.16723796642008856,0.34269403307370233,-0.4834002381914208,1,2.0752927425935037,1.9400374319822056
372,byemily,-0.3263405259807898,-0.2891448674539474,-0.3385123073016921,-0.20089943986848785,-0.166629325785343,-0.036740551654341785,-0.2354173191871121,1,3.2079439360803623,2.9818210838253107
373,kihmberlie,9.875810579471736,6.02837277712266,0.5582810162302559,-0.1947682509894145,-0.17210709149805298,-0.20700062518237905,-0.2829689253620615,0,-0.6147538419377873,-0.6206826893420685
374,kikarochamoda,-0.32870981848803144,-0.28892233767986114,-0.3240597017204959,-0.1917111269927225,-0.1295022470658644,-0.17711855215380665,0.7626963006877657,0,0.2347345531773572,0.5085789790680151
375,kylieskin,-0.11293883424809505,-0.18951901961976916,-0.3657100376359264,-0.2012221637408701,-0.17810654918340196,-0.2155061018882448,-0.5587823444707399,1,-0.6147538419377873,-0.6206826893420685
376,alexa_chung,-0.16206073813786334,-0.18535275174197074,-0.34601302665395856,-0.014207491394629138,-0.15967343281682242,0.27796208646268905,-0.433686126940794,1,3.2079439360803623,3.244255133526245
377,stylescrapbook,-0.2818299886736285,-0.27442119060791176,-0.3894013341266215,-0.2063397229595302,-0.15563032002886984,-0.13684925978532744,-0.1039041028999929,0,2.9247811377086474,2.9182007081402355
378,paulacabarbosa,2.17575344202941,2.061098066707573,0.6069442198327648,-0.1879633795560944,-0.10646085160764,-0.210387761923653,-0.3137141062206052,1,-0.6147538419377873,-0.6206826893420685
379,edward_enninful,-0.2646320225850682,-0.22852301556990304,-0.4151050187362173,-0.1996212500432258,-0.16584678782638446,-0.1583011258133958,-0.5120534304441461,1,1.5089671458500735,1.6935084762025394
380,jessicakroy,-0.2603641795846523,-0.2766404193008795,0.8368748077817115,-0.21237844283754914,-0.10415671206181756,-0.1605592169742451,-0.5715693310051801,1,-0.6147538419377873,-0.6206826893420685
381,charlizeafrica,0.41101338592642,0.16020249151475607,-0.40684203115709455,-0.10932138822729036,-0.1660641594816507,0.10115354856818884,-0.572932649422455,1,-0.33159104356607244,-0.28667571699542405
382,lafrangh,-0.31146682498664524,-0.28132685288688586,-0.0924826144015395,-0.08548400914784267,-0.1392404972217932,-0.07128934641533609,-0.4595656713790635,0,-0.6147538419377873,-0.6206826893420685
383,jcpenney,-0.32513114224354955,-0.28424707926948284,1.2910342173427196,-0.15230549748689742,-0.17554156365126003,-0.05059017744088417,0.8371851983488704,1,0.09315315399149976,0.11890417799692993
384,shopaholicp,-0.30162677641751795,-0.2623694534194206,-0.3479339425856365,-0.21340590755460867,-0.1479788377634972,-0.19450585409234625,-0.3452114627576453,0,0.3763159523632146,0.4131484155404024
385,jocelynmurphyy,0.0861380656985248,-0.1407644480126112,-0.1652944754308572,-0.21573697342546427,-0.1618471493694851,-0.2188932386295187,-0.035432610666860084,0,-0.4731724427519298,-0.509347031893187
386,mybubbaandme,-0.3195989379118543,-0.2742894167785536,-0.17721635049889034,-0.2150872904592774,-0.1540652441109527,-0.21129099838799276,-0.3918463548244272,0,-0.33159104356607244,-0.31848590483796163
387,samannitamodak,-0.3266734569827379,-0.2891448674539474,-0.4136414637406531,-0.21545603707111574,-0.15419566710411248,-0.21528029277215985,-0.3862520482156096,0,-0.6147538419377873,-0.6206826893420685
388,voguemagazine,-0.3279171394249515,-0.28806184804386115,-0.2456070558124413,1.7301230857522016,-0.15571726869097635,1.5713214336918069,2.8991337880072563,1,-0.33159104356607244,-0.4059639214049399
389,hakan_akkaya,-0.3155628026810452,-0.2782405812254969,-0.4133365564499106,-0.17204049992261974,-0.15415219277305922,-0.19014021118137092,-0.4546060129989774,1,-0.6147538419377873,-0.6206826893420685
390,balamoda,-0.32771340824079304,-0.2891448674539474,-0.4153184538397371,-0.205922977171572,-0.16115156007263307,-0.15476344966139854,0.3325223290576374,0,1.0842229482925017,1.176592923761304
391,heyitslynneg,-0.324543281634885,-0.2891448674539474,-0.35278196850844284,-0.21279900032478746,0.21577089015907588,-0.19480693291379286,-0.2059884457659372,0,0.6594787507349293,0.7630604818083156
392,joryckyt,-0.3243220619920306,-0.2891448674539474,-0.3507695803895421,-0.21491209346644,-0.16319485363213598,-0.2149039442453516,-0.4798744146984685,0,-0.4731724427519298,-0.4934419379719182
393,say_blk,-0.3291012579845161,-0.2891448674539474,0.1790983094628377,-0.2153278510360663,-0.09802683138330877,-0.21618352923649956,3.1831036121296297,0,-0.6147538419377873,-0.6206826893420685
394,gap,-0.32332937833333736,-0.27715276772754993,-0.2344169582421902,-0.12458583210363862,-0.11124302802349788,0.140369065061605,0.2299678763926328,1,1.650548545035931,1.566267724832389
395,comradsocks,0.10039881014824537,-0.09729947666110872,-0.4118730014543464,-0.21578130207635146,-0.17706316523812388,-0.219043778040242,-0.6120692901942251,0,-0.4731724427519298,-0.509347031893187
396,ccmasonrlly,-0.30480885157383936,-0.28128744746284584,0.6409718734796318,-0.21171436011852632,-0.10702601791133227,-0.21369962895956526,-0.2907962535164155,0,-0.6147538419377873,-0.6206826893420685
397,jamelazarha,-0.2136989450813389,-0.026724229270997057,-0.1765455544592568,-0.21572751476428773,-0.0868539283026226,-0.21799000216517894,-0.5015699819251014,0,-0.6147538419377873,-0.6206826893420685
398,jdprofiles100,0.2851596741283096,-0.2891448674539474,-0.3907734169349629,-0.21578412555729967,-0.1621514696868579,-0.21505448365607488,-0.591690030404961,0,-0.6147538419377873,-0.6206826893420685
399,kylerichards,-0.3054808794026952,-0.2866661501275503,-0.35147086715824993,-0.03624391315125069,-0.15667370397414793,0.05900251356566855,0.32716307734835,1,-0.19000964438021506,-0.3025808109166928
400,crespobarbara,-0.32851128536345464,-0.2891448674539474,-0.278750478316155,-0.21144867056129826,-0.14997865699194687,-0.1796777221361025,0.3511151716104723,0,0.942641549106644,1.0254945315092503
401,mashable,-0.328718891674242,-0.28834136830404306,-0.37449136760931145,1.1657081148093915,-0.0585521387869545,9.267724076625203,8.288566546394359,1,-0.4731724427519298,-0.5252521258144558
402,robertoavilal,-0.2474542997680452,-0.2287547444380777,1.0464680794381311,-0.21483247130370003,-0.1647599295500531,-0.21806527187054064,0.1701699099521625,0,-0.6147538419377873,-0.6206826893420685
403,hublot,-0.30241850042583457,-0.2726363461382694,-0.4013841906528032,-0.11900832783851245,-0.17041159258697608,-0.11855872138244812,-0.4249890956581784,1,-0.048428245194357636,-0.04809930817639231
404,igor_gulyaev,-0.324830496034207,-0.28747569368864523,-0.4097996318772972,-0.2125965567407996,-0.15936911249944966,-0.2127963924952256,-0.2664445659250919,0,-0.4731724427519298,-0.4934419379719182
405,jenniebar_cn,1.4642189528235667,4.369700739202141,-0.4077872437583964,-0.2066768465847484,-0.17575893530652628,-0.11968776696287275,-0.6058873463365821,0,-0.6147538419377873,-0.6206826893420685
406,tmfmag,-0.2509056018093356,-0.2486553597546389,-0.3811078558184245,-0.21408749585551048,-0.17615020428600556,-0.21573191100432967,-0.5613444428756187,0,-0.6147538419377873,-0.6206826893420685
407,esmodapedia,-0.3190360415695218,-0.2891448674539474,-0.3989449323268629,-0.21563885746251346,-0.16975947762117727,-0.2182910809866256,-0.3152184575775981,0,-0.6147538419377873,-0.6206826893420685
408,kellyosbourne,-0.32709264866835785,-0.2884915457669265,-0.4101350298971139,0.29309495157056364,-0.08646265932314333,0.7986026384491762,-0.2451720975176133,1,0.942641549106644,0.8505384983752939
409,ellemagazine,-0.3288549385528048,-0.28883119948256425,-0.21164038362372276,0.7415816064784835,-0.1260677749126574,1.2423928212614257,4.45113077313498,1,-0.33159104356607244,-0.4298215622868431
410,fentyofficial,-0.023003826796882225,0.08365828011998287,-0.4142512783221382,-0.2057545565330103,-0.17810654918340196,-0.21362435925420367,-0.6177811242528077,1,-0.6147538419377873,-0.6206826893420685
411,gyanyankovich,-0.10582048476991686,-0.1781448120613514,-0.12532112961451067,-0.21489134088147047,-0.11706858838463388,-0.21189315603088588,-0.3921049152139103,1,-0.6147538419377873,-0.6206826893420685
412,shein_official,-0.3152119982188825,-0.28274501880748554,-0.3941883785912793,-0.2040783970680958,-0.17436775671282215,-0.2013553972802558,0.2572577502280832,1,-0.6147538419377873,-0.6206826893420685
413,evanrosskatz,0.6438623973267884,0.22202278805796025,1.0940031260648924,-0.21095202026250526,-0.07229002739978264,-0.20203282462851055,-0.08636900739504368,1,-0.4731724427519298,-0.5252521258144558
414,erdem,-0.3169352882144896,-0.265629642756788,-0.4072079199059856,-0.2119324740217768,-0.17128107920804114,-0.1863767259132888,-0.5882817343617739,1,-0.048428245194357636,0.00756852054804843
415,lavieworld,-0.14894526212046244,0.3803435450490793,-0.3375061132422418,-0.21464781564968602,-0.1766718962586446,-0.2164846080579461,-0.4616576599848818,0,-0.6147538419377873,-0.6206826893420685
416,kuhleadams,-0.06417707255028579,-0.013396822889809527,0.28599880559717106,-0.2133588965968207,-0.10811287618766363,-0.21776419304909408,0.480442377331961,0,-0.6147538419377873,-0.6206826893420685
417,ladygaga,-0.2735219915368057,-0.22216564302601785,-0.3528124592375171,11.255682972853188,5.1733227574858,16.0885142370866,-0.4052209786076928,1,-0.6147538419377873,-0.6206826893420685
418,thehousewife,-0.3291012579845161,-0.2891448674539474,-0.4121779087450889,-0.21489825840979368,-0.05546546128217349,-0.19774245142289693,-0.08263163449251429,0,-0.048428245194357636,0.19047710064263945
419,conna_walker,0.6658305637452598,0.7849462222858952,-0.2959472495140341,-0.21340280172556564,-0.17354174442281034,-0.21497921395071326,-0.504085069350074,1,-0.4731724427519298,-0.509347031893187
420,denizberdn,-0.3287002220179812,-0.2891448674539474,-0.4139463710313957,-0.2093943058233688,-0.14397919930659786,-0.20752751311991052,-0.28400316691999417,0,-0.6147538419377873,-0.6206826893420685
421,loookatmeimkiad,0.006842020254109738,-0.07496574351577301,1.9773500380750948,-0.1912222412665371,-0.1495004393503611,-0.19668867554783392,1.4392313125154446,0,-0.6147538419377873,-0.6206826893420685
422,alexandani,-0.32126900167093003,-0.2808278100419161,5.628096502322706,-0.1925977000104656,0.07647913346445126,-0.16552701752811355,5.832454395713862,1,-0.048428245194357636,-0.12762477778273626
423,patriciaprieto,-0.3209509894307468,-0.2868281908841318,0.006459801444413577,-0.21117973400097967,-0.1398056635254855,-0.2018822852177873,0.4181528289564712,1,0.09315315399149976,0.22228728848517695
424,savagexfenty,-0.140645219551185,-0.16523496933308346,-0.30363091324074604,-0.19590145506798512,-0.17380259040912985,-0.20316187020893525,-0.5224898679832848,1,-0.4731724427519298,-0.5013944849325526
425,iamruthecarter,0.7084371728839317,0.8551098917686051,-0.3282979130618172,-0.211375824752834,-0.15328270615199416,-0.2009790487534476,-0.5701590016079993,1,-0.6147538419377873,-0.6206826893420685
426,ellefrance,-0.32743322785107354,-0.28564307919412274,-0.2750611000981703,-0.14383463112007638,-0.16584678782638446,-0.043514825136889694,1.6250657160839816,1,0.3763159523632146,0.5165315260286495
427,espritofficial,-0.27601145661715365,-0.12314900127631274,-0.4047991523091196,-0.2154215906035474,-0.1772370625623369,-0.21640933835258447,-0.5486749837909435,1,-0.6147538419377873,-0.6206826893420685
428,rachelzoe,-0.3277035261345124,-0.2886138979129469,-0.308082559685587,0.3093670957973339,-0.1665423771232365,0.7079779131937576,-0.23844952739105102,1,3.2079439360803623,3.1567771169592675
429,k_leexjx,-0.24336026061405736,-0.2715654345995707,-0.0648580138602657,-0.21153859842949926,-0.13893617690442045,-0.19932311523549145,0.544424320984068,0,-0.048428245194357636,-0.17534005954654258
430,davelackie,-0.24822453532074684,-0.16960715991830366,0.007648939878309469,-0.19288541271908985,0.06448021809375326,-0.1735808760018094,5.002358018023137,1,-0.6147538419377873,-0.6206826893420685
431,playfulpromises,-0.2770000084767877,-0.2652153251055869,-0.34878768299971563,-0.21289598689535905,-0.1185467156404445,-0.2054952310751462,-0.430630413246902,1,-0.4731724427519298,-0.5013944849325526
432,sarahallenaus,0.6395512915906276,0.21812267803599375,-0.3853460671597457,-0.21509039628832047,-0.17280268079490502,-0.21317274102203385,-0.5059420030563622,0,-0.6147538419377873,-0.6206826893420685
433,jwmiddleton_,-0.279358482939579,-0.2771809659178901,-0.3942493600494278,-0.21491279933667706,-0.17054201558013585,-0.21866742951343374,-0.5793496481796282,0,-0.6147538419377873,-0.6206826893420685
434,harpersbazaares,-0.3285138725087847,-0.2883760673640108,-0.25286384933211364,-0.15303226148297086,-0.1378493186280891,-0.027557647600221304,1.410202032423471,1,0.517897351549072,0.5721993547530903
435,whitneyysimmons,-0.2275261707981789,-0.25239836225233403,-0.0882748937892925,-0.20559390046705625,-0.17119413054593466,-0.21482867453999,-0.3861580262557976,0,-0.6147538419377873,-0.6206826893420685
436,bearangomoda,-0.32236170610783904,-0.28722918064918146,1.8423370897343,-0.20181283595523905,-0.0729856166966347,-0.1981940696550668,1.5596969485246468,0,-0.4731724427519298,-0.3741537335624024
437,voguespain,-0.3287766004578199,-0.2888628934005145,-0.4138548988441729,0.16454849917804998,-0.16228189268001764,0.20050955964555808,1.2313017483910735,1,1.0842229482925017,1.0413996254305191
438,imlaurenblack,-0.21784927801292167,-0.010863641248950593,-0.3296699958701586,-0.215693632992909,-0.15984733014103544,-0.2178394627544557,-0.5800313073882656,0,-0.4731724427519298,-0.5252521258144558
439,troopzafc,-0.1281859941790406,-0.2629277822398724,0.2380978702215185,-0.197195738734652,-0.14710935114243212,-0.19668867554783392,0.19917568455418305,0,-0.6147538419377873,-0.6206826893420685
440,amaliagaroca,-0.02721297859774077,0.6833725804507138,0.009874763100729985,-0.21552803583529556,-0.12458964765684676,-0.20940925575395164,-0.30877795333047203,0,-0.6147538419377873,-0.6206826893420685
441,whowhatwearuk,-0.3211695607834945,-0.2808781890258773,-0.3705580635587327,-0.21516055978988388,-0.15297838583462134,-0.21369962895956526,-0.03411630322949124,0,-0.6147538419377873,-0.6206826893420685
442,fashionista_com,-0.32844666364432945,-0.2879480566479073,-0.3718081834507771,0.09335908581208922,-0.14154463676761567,0.7473439690978969,2.207461240649835,1,3.066362536894505,3.0056787247072134
443,bunnybisous,-0.3260848169633124,-0.2879659292982373,1.840660099635216,-0.2112606267301464,-0.106634748931853,-0.16394635371551905,1.5957073591326658,0,0.942641549106644,1.0811623602336913
444,chiarabiasi,-0.30679336801179913,-0.28218918150815264,0.7510129147086132,-0.20193198685125416,-0.17688926791391085,-0.1932262691011983,0.1310802801602985,1,0.8010601499207868,0.9698267027848098
445,ninaagdal,-0.16137516360757412,-0.1714720142938864,-0.4155013982141826,-0.17584288171559606,-0.15845615154733134,-0.13541913538345626,-0.4993369603795649,1,-0.33159104356607244,-0.19919770042844576
446,louisvuitton,-0.3221438801296043,-0.28031488686009115,-0.4130621398882423,0.843949731737375,-0.17793265185918894,0.5104702063248053,-0.4859623365962994,1,2.2168741417793605,2.1627087468799684
447,van_dos_,-0.2619812789077309,-0.2891448674539474,-0.40882392854692107,-0.21578370203515745,-0.17241141181542574,-0.2183663506919872,-0.582217317953896,0,-0.6147538419377873,-0.6206826893420685
448,piaget,-0.3197800645885344,-0.2773692825551302,-0.3486047386252701,-0.1975934260262097,-0.1618471493694851,-0.15401075260778213,-0.5160258582462056,1,0.09315315399149976,0.04733125535122039
449,ownbyfemme,0.2786571420446937,0.2514862433814849,-0.19819397210197687,-0.21448010088136132,-0.13184986094274012,-0.20910817693250505,-0.19214371218361134,0,-0.4731724427519298,-0.509347031893187
450,chrissyglamm,-0.2138480882031141,-0.2654792998765345,0.5681295217212399,-0.21331668555664474,-0.1497612853366806,-0.21294693190594888,-0.013690032460321166,0,-0.6147538419377873,-0.6206826893420685
451,manrepeller,-0.3269456618602791,-0.2880465130927579,0.15196156058675195,-0.1621033998993848,-0.15871699753365084,0.013464341821874323,0.7180358697770372,1,3.915850932009649,3.625977387636696
452,gaboibarzabal,-0.3258894361172595,-0.28412366621442564,-0.3005818403333206,-0.2147412728690723,-0.10919973446399496,-0.21287166220058726,-0.07243025185290576,0,-0.19000964438021506,-0.07990949601892987
453,tamarakalinic,0.0658378681732297,-0.1871444557120656,-0.3065580232318743,-0.21333828518589865,-0.15776056225047927,-0.2050436128429763,-0.2036143912806827,0,0.3763159523632146,0.4847213381861119
454,lissakahayon,-0.24219830931770256,-0.18836166298895496,-0.3175346856986057,-0.2130956069983986,-0.16123850873473955,-0.21181788632552426,0.08451590456337567,0,-0.4731724427519298,-0.5172995788538214
455,kenzie,-0.1991133011348428,-0.2453746220081392,-0.3339691886696283,-0.052373048067993234,0.10165077114428513,-0.1454300061965548,-0.5400014579982809,1,-0.6147538419377873,-0.6206826893420685
456,demetakalin,-0.03527690133966527,-0.2256451528718665,0.0501225254787448,0.721501292322793,-0.15728234460889348,0.3478876427436557,1.443321267767269,1,-0.6147538419377873,-0.6206826893420685
457,merrittbeck,-0.3267425892918747,-0.2891448674539474,-0.2004807767825459,-0.21471854384743908,-0.14576164687978127,-0.19969946376229966,0.026762915748817718,0,0.942641549106644,1.2163556585644757
458,misspap,-0.3218216637923625,-0.2841788081812344,-0.21536025257078167,-0.20933021280584405,-0.1408490474707636,-0.2121189651469708,-0.2112536755154126,1,-0.33159104356607244,-0.3900588274836712
459,bat_gio,-0.3280273383192876,-0.2874659553046885,-0.4083970583398815,-0.206227066069696,-0.16862914501379267,-0.16658079340317658,-0.4479774648322271,0,1.9337113434076456,2.1308985590374308
460,tommyhilfiger,-0.3223828579173848,-0.2827216134744852,0.023016267331733304,0.009604335182237092,-0.10915626013294172,0.059077783271030186,-0.3333882013112788,1,1.650548545035931,1.5901253657142922
461,imjennim,-0.23301777604045626,-0.2646773299657164,-0.0180242540022121,-0.19849482231893087,-0.16206452102475138,-0.1842691741631628,-0.4189716902302065,1,-0.33159104356607244,-0.28667571699542405
462,diffeyewear,0.1615786744836677,0.12602205488241436,-0.286921993708055,-0.2146855091203448,-0.1748894486854612,-0.21776419304909408,-0.5622611569837862,0,-0.6147538419377873,-0.6206826893420685
463,kerastase_es,-0.29029337230291274,-0.23136362714822475,-0.364703843576476,-0.2148811763500569,-0.06659489003180642,-0.2155061018882448,-0.4895351710691577,0,-0.6147538419377873,-0.6206826893420685
464,puspitsar,-0.3291012579845161,-0.2891448674539474,-0.4152879631106628,-0.21574177334307626,-0.1665423771232365,-0.2176136536383708,0.18888027995476248,0,-0.6147538419377873,-0.6206826893420685
465,26anapau,-0.3291012579845161,-0.16081585604522422,-0.347629035294894,-0.21576746701970512,-0.17406343639544938,-0.2187426992187954,-0.4550291118181316,0,-0.6147538419377873,-0.6206826893420685
466,beautyntheblog,-0.2221957979410804,-0.18458920948077132,-0.2021882576107041,-0.21411671888332465,-0.15802140823679878,-0.20782859194135714,0.31710272764845954,0,0.2347345531773572,0.2779551172096177
467,cailaquinn,-0.27150630697651285,-0.27173361312310623,-0.07339541800105671,-0.2050294866255058,-0.16519467286058565,-0.19834460906579007,-0.5526474115930031,1,-0.6147538419377873,-0.6206826893420685
468,venuschanbaek,-0.3236140329561069,-0.2891448674539474,-0.17209390801441574,-0.21549669519677025,-0.003122366694056125,-0.21896850833488035,-0.4826010515330182,0,-0.6147538419377873,-0.6206826893420685
469,iamfashlon,0.2332633644947913,0.6896583011448059,-0.055863248783360867,-0.1871612286187033,0.5880415869680866,-0.13112876217784256,0.0220383122682617,1,-0.4731724427519298,-0.5013944849325526
470,smoda,-0.3266619822630018,-0.2829994655867629,-0.4163551386282617,-0.16694298741869204,-0.12367668670472842,-0.06745059144189228,0.8567417659897789,1,0.09315315399149976,0.14276181887883307
471,soyanavenu,-0.3225976625814657,-0.2891448674539474,-0.3977862846220413,-0.21567739797745672,-0.17423733371966238,-0.21851689010271047,-0.5615324867952428,0,-0.6147538419377873,-0.6206826893420685
472,gabrielblancoi,-0.328623657787445,-0.28839821125673504,-0.19773661116586308,-0.20862716604973566,-0.02390309693751136,-0.2113662680933544,0.23563269947130935,0,-0.6147538419377873,-0.6206826893420685
473,kfstalker,0.040607710536270665,0.3572033470758521,-0.4144952041547322,-0.2155935405932944,-0.17815002351445522,-0.21791473245981732,-0.6013037757957442,0,-0.6147538419377873,-0.6206826893420685
474,johnnyorlando,-0.08237291196673885,-0.04055647953594415,0.8265689413546138,-0.08393956506916292,0.7884147787925325,-0.11946195784678786,-0.5129231335724077,1,-0.6147538419377873,-0.6206826893420685
475,fabiolared13,-0.16069394814072252,0.007566998299474299,8.263044327461557,-0.21324285152984865,-0.17593283263073928,-0.2067748160662941,-0.354073032469932,0,-0.6147538419377873,-0.6206826893420685
476,chellie0324,-0.15461341291596153,0.051837065912139414,-0.3155832790378534,-0.2157306205933308,-0.15115246393038473,-0.21896850833488035,-0.4297607101186404,0,-0.6147538419377873,-0.6206826893420685
477,lydiaemillen,-0.1704644395029786,-0.27653813554810536,0.9770406893360556,-0.2034734662749383,-0.15928216383734314,-0.1930004599851134,0.1908077301309097,1,0.8010601499207868,0.8346334044540251
478,daphneop,-0.2694111979604129,-0.1854401961989452,-0.3598558176536697,-0.20070998429686185,-0.15263059118619535,-0.1584516652241191,0.3808966273809424,1,-0.6147538419377873,-0.6206826893420685
479,bouska,-0.12619707394597324,0.13816069879686155,-0.265639464814226,-0.08416304358621503,15.768060709494762,0.027615046429863274,-0.2456187018267206,1,-0.19000964438021506,-0.1594349656252738
480,nyfw,-0.3243049777523079,-0.2819776956408694,-0.4005609409677983,-0.14697391841236174,-0.17206361716699972,-0.16740876016215464,-0.5442559516797767,1,0.09315315399149976,-0.04809930817639231
481,luisa_accorsi,-0.2065563397189268,-0.2730117659984443,-0.4162026849828904,-0.215144465948479,-0.1736721674159701,-0.21746311422764747,-0.4966573345249212,0,-0.6147538419377873,-0.6206826893420685
482,soyfernandablaz,0.2987844302932443,-0.0991820000924802,-0.14123729019127107,-0.19864573737561364,-0.17128107920804114,-0.2170114959954776,-0.530528745547216,0,-0.6147538419377873,-0.6206826893420685
483,snugzmeow,-0.23678578524212926,-0.19406254610981205,0.35411509434905364,-0.2150196680905674,-0.1380666902833554,-0.21482867453999,0.2750279006325626,0,-0.6147538419377873,-0.6206826893420685
484,pattyolovesu,0.2503172785613693,0.7458609041035146,-0.17770420216407842,-0.1927892731928027,-0.16180367503843185,-0.18998967177064768,-0.42108718432597786,1,-0.048428245194357636,-0.12762477778273626
485,lorenzwie,0.6827358053266025,-0.0005866437408308661,-0.04391088298625345,-0.21272431925370688,-0.17315047544333104,-0.21791473245981732,-0.5078929587224624,0,-0.6147538419377873,-0.6206826893420685
486,fashionandstyle,-0.323319258089832,-0.2862222337014812,-0.4125133067649057,-0.15159002741461688,-0.17706316523812388,-0.15408602231314378,-0.2653868188772062,1,0.517897351549072,0.7789655757295844
487,rincondeika,-0.3141531731588025,-0.20416637220342826,0.966064026869324,-0.2151782065458103,-0.14089252180181686,-0.18622618650256548,0.4978364398971922,0,-0.6147538419377873,-0.6206826893420685
488,mirandakerr,-0.32760629641279937,-0.2878062364094778,-0.4160502313375192,0.5212940464200122,-0.1503264516403729,0.40990987996164985,-0.5303877126074978,1,1.2258043474783589,1.3515489568952606
489,tanyaburr,-0.3000512863643183,-0.28442486122775457,0.26736897013280203,0.1920621916261357,-0.13180638661168687,0.0965620965411286,0.303822125825006,1,1.0842229482925017,0.9857317967060786
490,keniaosnoticias,1.7472524523852522,1.9719440387984748,-0.4104704279169307,-0.2134423304588408,-0.17719358823128364,-0.2187426992187954,-0.5969317546644834,0,-0.6147538419377873,-0.6206826893420685
491,shanedawson,0.237147519541505,-0.1340602856711084,0.19940513502629065,1.1908332835493252,0.8169774142945202,0.8272051264866006,0.14645287058957032,1,-0.6147538419377873,-0.6206826893420685
492,encantodemoda,-0.18961406165025135,0.11947590897658253,-0.3321092541960989,-0.19612394536670533,-0.1780630748523487,-0.20037689111055446,-0.5934529421514372,0,-0.6147538419377873,-0.6206826893420685
493,nicolettareggio,-0.3219217718308406,-0.2795242543572023,-0.4097996318772972,-0.21413704794615188,-0.16802050437904711,-0.2037640278518284,-0.04695030074383745,0,0.942641549106644,0.9380165149422722
494,emshelx,-0.3191243421489114,-0.2752805031064294,4.096242273632203,-0.21039424160118314,-0.14271844370605352,-0.1871294229669052,2.205016669694721,1,0.2347345531773572,0.17457200672137066
495,hannahstocking,-0.2524672654535549,-0.24741116470620397,-0.04067886570438256,-0.17828886326104448,0.11238893091443876,-0.17335506688572447,-0.3920108932540983,1,-0.6147538419377873,-0.6206826893420685
496,danielaacallee,0.1733804711199509,-0.12475648302960575,0.010088198204249759,-0.02282207294171489,-0.12954572139691767,-0.1944305843869846,-0.4364362692652967,1,-0.6147538419377873,-0.6206826893420685
